genre_id,genre_title,tag_id,uid,kind,title,track_count,cover_uri
"allrock","Рок","allrock","103372440",1011,"Вечный альт-рок",136,"avatars.yandex.net/get-music-user-playlist/11298840/103372440.1011.68137/%%?1737712668137"
"allrock","Рок","allrock","103372440",1015,"Вечный рок-н-ролл",115,"avatars.yandex.net/get-music-user-playlist/11401629/103372440.1015.53633/%%?1737712853633"
"allrock","Рок","rusrock","103372440",1090,"Русский рок в дорогу",321,"avatars.yandex.net/get-music-user-playlist/59900/103372440.1090.92807/%%?1701382592807"
"allrock","Рок","allrock","103372440",1106,"100 хитов русского рока",98,"avatars.yandex.net/get-music-user-playlist/11401629/103372440.1106.51884/%%?1785322851884"
"allrock","Рок","allrock","103372440",1108,"100 рок-хитов",91,"avatars.yandex.net/get-music-user-playlist/11407514/103372440.1108.14220/%%?1737368514220"
"allrock","Рок","allrock","103372440",1176,"Громкие новинки потяжелее",80,"avatars.yandex.net/get-music-user-playlist/11407805/103372440.1176.94495/%%?1788517594495"
"allrock","Рок","allrock","103372440",1310,"В роке только девушки",88,"avatars.yandex.net/get-music-user-playlist/28719/103372440.1310.50687/%%?1711990250687"
"allrock","Рок","allrock","103372440",1433,"Рок для занятий любовью",43,"avatars.yandex.net/get-music-user-playlist/30088/103372440.1433.56021/%%?1711105056021"
"allrock","Рок","allrock","103372440",1560,"Служба рок-поддержки",215,"avatars.yandex.net/get-music-user-playlist/11418140/103372440.1560.65613/%%?1711990365613"
"allrock","Рок","allrock","103372440",1602,"Идейно вредные произведения в СССР",31,"avatars.yandex.net/get-music-user-playlist/27701/103372440.1602.35769/%%?1710769935769"
"allrock","Рок","rusrock","103372440",1620,"С гитарой у костра",184,"avatars.yandex.net/get-music-user-playlist/11360783/103372440.1620.75832/%%?1748460075832"
"allrock","Рок","allrock","103372440",1628,"Сядь в седло и сделай погромче!",97,"avatars.yandex.net/get-music-user-playlist/27701/103372440.1628.52966/%%?1701271952966"
"allrock","Рок","allrock","103372440",1729,"Альтернативный рок из Канады",25,"avatars.yandex.net/get-music-user-playlist/11407514/103372440.1729.9206/%%?1711982209206"
"allrock","Рок","allrock","103372440",1854,"Рок-мадам и рок-месье",22,"avatars.yandex.net/get-music-user-playlist/34120/103372440.1854.83273/%%?1711990483273"
"allrock","Рок","rusrock","103372440",1890,"Нас в хрущёвке двое",146,"avatars.yandex.net/get-music-user-playlist/69910/103372440.1890.71959/%%?1701174871959"
"allrock","Рок","rusrock","103372440",1930,"Ё",277,"avatars.yandex.net/get-music-user-playlist/19252516/103372440.1930.47292/%%?1788470147292"
"allrock","Рок","allrock","103372440",2123,"Стоунер: между блюзом и думом",68,"avatars.yandex.net/get-music-user-playlist/28719/103372440.2123.95831/%%?1711990195831"
"allrock","Рок","rock","103372440",2131,"Вечный рок",109,"avatars.yandex.net/get-music-user-playlist/11407514/103372440.2131.72334/%%?1737712772334"
"allrock","Рок","allrock","103372440",2149,"Вечный J-Rock",18,"avatars.yandex.net/get-music-user-playlist/27701/103372440.2149.37331/%%?1737712637331"
"allrock","Рок","allrock","103372440",2182,"Вселенная построка",45,"avatars.yandex.net/get-music-user-playlist/11407805/103372440.2182.32711/%%?1737712932711"
"allrock","Рок","allrock","103372440",2235,"Музыка для смелости",71,"avatars.yandex.net/get-music-user-playlist/59900/103372440.2235.68730/%%?1710769468730"
"allrock","Рок","rusrock","103372440",2257,"Альтернативный ветер",222,"avatars.yandex.net/get-music-user-playlist/11184076/103372440.2257.80822/%%?1764342980822"
"allrock","Рок","allrock","103372440",2369,"Лучшие песни русского панк-рока",40,"avatars.yandex.net/get-music-user-playlist/11184076/103372440.2369.21138/%%?1737713521138"
"allrock","Рок","allrock","103372440",2371,"Новые хиты русского рока",16,"avatars.yandex.net/get-music-user-playlist/11371754/103372440.2371.70289/%%?1777383070289"
"allrock","Рок","allrock","103372440",2379,"Альтернативное прошлое",95,"avatars.yandex.net/get-music-user-playlist/69910/103372440.2379.93760/%%?1711981993760"
"allrock","Рок","allrock","103372440",2465,"Громкие новинки: рок",80,"avatars.yandex.net/get-music-user-playlist/11184076/103372440.2465.32821/%%?1788432332821"
"allrock","Рок","rusrock","103372440",2535,"Кьют-рок",249,"avatars.yandex.net/get-music-user-playlist/11371754/103372440.2535.89398ru/%%?1714215191370"
"allrock","Рок","rusrock","103372440",2573,"Они взлетели в Нитро: рок",124,"avatars.yandex.net/get-music-user-playlist/11298840/103372440.2573.92412/%%?1786104592412"
"allrock","Рок","allrock","103372440",2629,"Русский рок: открытия",212,"avatars.yandex.net/get-music-user-playlist/11407514/103372440.2629.33986/%%?1788439833986"
"allrock","Рок","israelirock","1162242209",1036,"Классика израильского рока",58,"avatars.yandex.net/get-music-user-playlist/51766/1162242209.1036.16689/%%?1701193516689"
"allrock","Рок","allrock","139954184",1188,"Лучшие гитарные риффы за всю историю музыки",86,"avatars.yandex.net/get-music-user-playlist/27701/139954184.1188.91100/%%?1710769891100"
"allrock","Рок","allrock","139954184",1445,"Золотые рок-хиты 1970-х",52,"avatars.yandex.net/get-music-user-playlist/51766/139954184.1445.98077/%%?1711990098077"
"allrock","Рок","allrock","139954184",1644,"Лучшие ударные партии в истории",72,"avatars.yandex.net/get-music-user-playlist/59900/139954184.1644.5833/%%?1710769805833"
"allrock","Рок","allrock","139954184",1688,"Самые сексуальные рок-композиции",38,"avatars.yandex.net/get-music-user-playlist/30088/139954184.1688.55314/%%?1711990555314"
"allrock","Рок","allrock","139954184",1990,"Устойчивая непогода",275,"avatars.yandex.net/get-music-user-playlist/11401629/139954184.1990.94736/%%?1724945594736"
"allrock","Рок","allrock","139954184",2050,"Лучшие песни русского рока",151,"avatars.yandex.net/get-music-user-playlist/11407514/139954184.2050.61119/%%?1737713561119"
"allrock","Рок","allrock","139954184",2206,"Лучшие рок-песни XX века",92,"avatars.yandex.net/get-music-user-playlist/69910/139954184.2206.60939/%%?1711990160939"
"allrock","Рок","allrock","461852655",1009,"Хочется быть плохим",194,"avatars.yandex.net/get-music-user-playlist/28719/461852655.1009.498/%%?1710769400498"
"allrock","Рок","allrock","461852655",1017,"Проснулся азарт",27,"avatars.yandex.net/get-music-user-playlist/28719/461852655.1017.1774/%%?1710769601774"
"allrock","Рок","hardrock","553947738",1109,"Хард-рок",49,"avatars.yandex.net/get-music-user-playlist/28719/553947738.1109.2424ru/%%?1722000804919"
"allrock","Рок","allrock","574178821",1047,"Столпы дримпопа",41,"avatars.yandex.net/get-music-user-playlist/10311229/574178821.1047.44318/%%?1711990044318"
"allrock","Рок","rusrock","653503978",1125,"Новинки с именем",205,"avatars.yandex.net/get-music-user-playlist/11418140/653503978.1125.79602/%%?1788467979602"
"allrock","Рок","rusrock","653503978",1134,"Народная волна",381,"avatars.yandex.net/get-music-user-playlist/28719/653503978.1134.23279/%%?1701381323279"
"allrock","Рок","rusrock","653503978",1148,"Искра",17,"avatars.yandex.net/get-music-user-playlist/11298840/653503978.1148.11285/%%?1784532411285"
"allrock","Рок","allrock","653503978",1355,"На пульсе: рок",197,"avatars.yandex.net/get-music-user-playlist/11401629/653503978.1355.71985/%%?1788433771985"
"allrock","Рок","allrock","653503978",1541,"Прогрессивный рок",43,"avatars.yandex.net/get-music-user-playlist/11423738/653503978.1541.88368/%%?1759133888368"
"allrock","Рок","israelirock","735989042",1035,"Израильский рок",62,"avatars.yandex.net/get-music-user-playlist/70586/735989042.1035.6420/%%?1712948206420"
"allrock","Рок","allrock","826551232",1237,"Иностранный рок 1990-х",140,"avatars.yandex.net/get-music-user-playlist/10311229/826551232.1237.22977/%%?1748957522977"
"allrock","Рок","allrock","826551232",1238,"Иностранный рок 2000-х",124,"avatars.yandex.net/get-music-user-playlist/10311229/826551232.1238.96914/%%?1748957396914"
"allrock","Рок","allrock","826551232",1239,"Иностранный рок 2010-х",112,"avatars.yandex.net/get-music-user-playlist/10311229/826551232.1239.44632/%%?1748957444632"
"allrock","Рок","rusrock","826551232",1247,"Русский рок 1990-х",118,"avatars.yandex.net/get-music-user-playlist/10311229/826551232.1247.23080/%%?1748958323080"
"allrock","Рок","rusrock","826551232",1248,"Русский рок 2000-х",105,"avatars.yandex.net/get-music-user-playlist/10311229/826551232.1248.73772/%%?1748958273772"
"allrock","Рок","turkishrock","837649603",1040,"Турецкий рок 2000-х",22,"avatars.yandex.net/get-music-user-playlist/11407805/837649603.1040.21418/%%?1721828921418"
"allrock","Рок","turkishrock","837649603",1041,"Турецкие рок-баллады",23,"avatars.yandex.net/get-music-user-playlist/28719/837649603.1041.44254/%%?1721828944254"
"allrock","Рок","turkishrock","837649603",1042,"Энергия турецкого рока",26,"avatars.yandex.net/get-music-user-playlist/11298840/837649603.1042.52159/%%?1721829952159"
"allrock","Рок","turkishrock","837649603",1043,"Турецкий психоделический рок",23,"avatars.yandex.net/get-music-user-playlist/59900/837649603.1043.3492/%%?1721830103492"
"alternative","Альтернатива","alternative","103372440",1176,"Громкие новинки потяжелее",80,"avatars.yandex.net/get-music-user-playlist/11407805/103372440.1176.94495/%%?1788517594495"
"alternative","Альтернатива","alternative","103372440",1380,"Бег по лужам",35,"avatars.yandex.net/get-music-user-playlist/34120/103372440.1380.64307/%%?1711106264307"
"alternative","Альтернатива","alternative","103372440",1555,"Когда вскипает кровь",267,"avatars.yandex.net/get-music-user-playlist/71140/103372440.1555.74817/%%?1701174674817"
"alternative","Альтернатива","alternative","103372440",1593,"Наша альтернатива",45,"avatars.yandex.net/get-music-user-playlist/27701/103372440.1593.31594/%%?1711989231594"
"alternative","Альтернатива","alternative","103372440",1729,"Альтернативный рок из Канады",25,"avatars.yandex.net/get-music-user-playlist/11407514/103372440.1729.9206/%%?1711982209206"
"alternative","Альтернатива","hardcore","103372440",1963,"Фрирайд",216,"avatars.yandex.net/get-music-user-playlist/38125/103372440.1963.39565/%%?1764342839565"
"alternative","Альтернатива","alternative","103372440",2061,"Осенний метал, осенний хардкор",437,"avatars.yandex.net/get-music-user-playlist/11401629/103372440.2061.80039/%%?1788194680039"
"alternative","Альтернатива","alternative","103372440",2105,"Энергия поп-панка",107,"avatars.yandex.net/get-music-user-playlist/11360783/103372440.2105.39223/%%?1737714139223"
"alternative","Альтернатива","alternative","103372440",2379,"Альтернативное прошлое",95,"avatars.yandex.net/get-music-user-playlist/69910/103372440.2379.93760/%%?1711981993760"
"alternative","Альтернатива","alternative","103372440",2742,"Мёртв внутри",385,"avatars.yandex.net/get-music-user-playlist/38125/103372440.2742.87156/%%?1753372787156"
"alternative","Альтернатива","alternative","139954184",1169,"Альтернативный разбег",157,"avatars.yandex.net/get-music-user-playlist/59900/139954184.1169.26081/%%?1702985026081"
"alternative","Альтернатива","alternative","139954184",1912,"Лучшая инди-музыка 90-х",80,"avatars.yandex.net/get-music-user-playlist/28719/139954184.1912.82382/%%?1711988882382"
"alternative","Альтернатива","alternative","574178821",1047,"Столпы дримпопа",41,"avatars.yandex.net/get-music-user-playlist/10311229/574178821.1047.44318/%%?1711990044318"
"alternative","Альтернатива","alternative","653503978",1036,"Энергия панка и грув R&B",42,"avatars.yandex.net/get-music-user-playlist/11418140/653503978.1036.70336/%%?1711989270336"
"alternative","Альтернатива","turkishalternative","837649603",1027,"Турецкая альтернатива",18,"avatars.yandex.net/get-music-user-playlist/70586/837649603.1027.49638/%%?1721828649638"
"alternative","Альтернатива","turkishalternative","837649603",1030,"Закат в Гюмюшлюке",11,"avatars.yandex.net/get-music-user-playlist/70586/837649603.1030.79561/%%?1721828679561"
"blues","Блюз","blues","103372440",1891,"Блюз больших городов",24,"avatars.yandex.net/get-music-user-playlist/69910/103372440.1891.13075/%%?1705999613075"
"blues","Блюз","blues","103372440",2731,"Вечный блюз",98,"avatars.yandex.net/get-music-user-playlist/27701/103372440.2731.7844/%%?1737712707844"
"blues","Блюз","blues","553947738",1069,"Блюз",40,"avatars.yandex.net/get-music-user-playlist/69910/553947738.1069.2566ru/%%?1721894804063"
"children","Детская музыка со всего мира","children","103372440",1269,"Детские песни о школе",29,"avatars.yandex.net/get-music-user-playlist/11418140/103372440.1269.69338/%%?1724942569338"
"children","Детская музыка со всего мира","children","103372440",1353,"Песни из советских мультфильмов",38,"avatars.yandex.net/get-music-user-playlist/51766/103372440.1353.64839/%%?1701280664839"
"children","Детская музыка со всего мира","children","103372440",1355,"Песни из советских фильмов для детей",39,"avatars.yandex.net/get-music-user-playlist/28719/103372440.1355.27007/%%?1590159227007"
"children","Детская музыка со всего мира","children","103372440",1364,"«Союзмультфильм»: песни Чебурашки и других героев",30,"avatars.yandex.net/get-music-user-playlist/51766/103372440.1364.3645/%%?1590159303645"
"children","Детская музыка со всего мира","children","103372440",1696,"Для тех, кому за 3",25,"avatars.yandex.net/get-music-user-playlist/51766/103372440.1696.2233/%%?1590159102233"
"children","Детская музыка со всего мира","children","103372440",1872,"Детские сказки",414,"avatars.yandex.net/get-music-user-playlist/27701/103372440.1872.29425/%%?1701246929425"
"children","Детская музыка со всего мира","children","103372440",1956,"Белый шум",50,"avatars.yandex.net/get-music-user-playlist/30088/103372440.1956.59948/%%?1701284059948"
"children","Детская музыка со всего мира","children","103372440",2083,"Рок-колыбельные",50,"avatars.yandex.net/get-music-user-playlist/30088/103372440.2083.29736/%%?1701280929736"
"children","Детская музыка со всего мира","children","103372440",2118,"Музыка Disney",31,"avatars.yandex.net/get-music-user-playlist/51766/103372440.2118.45084/%%?1590158045084"
"children","Детская музыка со всего мира","children","103372440",2262,"Волшебная музыка для чтения сказок",19,"avatars.yandex.net/get-music-user-playlist/28719/103372440.2262.48167/%%?1590159448167"
"children","Детская музыка со всего мира","children","103372440",2293,"Маша и Медведь. Песни",43,"avatars.yandex.net/get-music-user-playlist/71140/103372440.2293.5715/%%?1701270905715"
"children","Детская музыка со всего мира","children","103372440",2294,"Стихи для детей",55,"avatars.yandex.net/get-music-user-playlist/51766/103372440.2294.31101/%%?1590157431101"
"children","Детская музыка со всего мира","children","103372440",2295,"Поют Малышарики",240,"avatars.yandex.net/get-music-user-playlist/70586/103372440.2295.85505/%%?1701279885505"
"children","Детская музыка со всего мира","children","103372440",2296,"Песни Фиксиков",44,"avatars.yandex.net/get-music-user-playlist/27701/103372440.2296.53526/%%?1701276953526"
"children","Детская музыка со всего мира","children","103372440",2297,"Поют Смешарики",60,"avatars.yandex.net/get-music-user-playlist/28719/103372440.2297.43863/%%?1701276843863"
"children","Детская музыка со всего мира","children","103372440",2298,"Весёлая зарядка",53,"avatars.yandex.net/get-music-user-playlist/59900/103372440.2298.73635/%%?1701284673635"
"children","Детская музыка со всего мира","children","103372440",2301,"Классика для самых маленьких",32,"avatars.yandex.net/get-music-user-playlist/51766/103372440.2301.79319/%%?1590159179319"
"children","Детская музыка со всего мира","children","103372440",2362,"Рэп-колыбельные",50,"avatars.yandex.net/get-music-user-playlist/51766/103372440.2362.83935/%%?1701280983935"
"children","Детская музыка со всего мира","children","103372440",2363,"Поп-колыбельные",50,"avatars.yandex.net/get-music-user-playlist/28719/103372440.2363.84174/%%?1701280884174"
"children","Детская музыка со всего мира","children","103372440",2427,"Песни Синего трактора",30,"avatars.yandex.net/get-music-user-playlist/70586/103372440.2427.48625/%%?1701279948625"
"children","Детская музыка со всего мира","children","105590476",1044,"Детские песни",111,"avatars.yandex.net/get-music-user-playlist/34120/105590476.1044.57553/%%?1644313957553"
"children","Детская музыка со всего мира","children","105590476",1117,"Колыбельные песни",112,"avatars.yandex.net/get-music-user-playlist/51766/105590476.1117.26736/%%?1701280826736"
"children","Детская музыка со всего мира","children","1106528703",1166,"Узбекские сказки",102,"avatars.yandex.net/get-music-user-playlist/51766/1106528703.1166.23878/%%?1701248123878"
"children","Детская музыка со всего мира","children","1106528703",1190,"«Три кота». Истории",164,"avatars.yandex.net/get-music-user-playlist/11360783/1106528703.1190.43409/%%?1760093043409"
"children","Детская музыка со всего мира","children","1153388429",1012,"50 загадок",50,"avatars.yandex.net/get-music-user-playlist/59900/1153388429.1012.18441/%%?1603180518441"
"children","Детская музыка со всего мира","children","1455688379",1068,"Детские песни про маму",37,"avatars.yandex.net/get-music-user-playlist/59900/1455688379.1068.41789/%%?1701284541789"
"children","Детская музыка со всего мира","children","543081004",1086,"На репите: сказки",48,"avatars.yandex.net/get-music-user-playlist/27701/543081004.1086.54537/%%?1611936754537"
"children","Детская музыка со всего мира","children","543081004",1087,"На репите: детские песни",48,"avatars.yandex.net/get-music-user-playlist/59900/543081004.1087.59868ru/%%?1611936860774"
"children","Детская музыка со всего мира","children","669378746",1000,"Тыц-тыдыц плейлист от CTC Kids",10,"avatars.yandex.net/get-music-user-playlist/34120/669378746.1000.64851/%%?1590160164851"
"children","Детская музыка со всего мира","children","970829816",1008,"Сказки в Алисе",16,"avatars.yandex.net/get-music-user-playlist/70586/970829816.1008.16383/%%?1701363316383"
"children","Детская музыка со всего мира","children","970829816",1043,"Зубочистки",70,"avatars.yandex.net/get-music-user-playlist/70586/970829816.1043.61574/%%?1629215161574"
"children","Детская музыка со всего мира","children","970829816",1047,"Короткие стихи для малышей",33,"avatars.yandex.net/get-music-user-playlist/51766/970829816.1047.15158/%%?1701255215158"
"children","Детская музыка со всего мира","children","970829816",1048,"Потешки",20,"avatars.yandex.net/get-music-user-playlist/30088/970829816.1048.64685/%%?1701255164685"
"children","Детская музыка со всего мира","children","970829816",1064,"Подкасты для детей",59,"avatars.yandex.net/get-music-user-playlist/59900/970829816.1064.27846/%%?1701342127846"
"children","Детская музыка со всего мира","children","970829816",1077,"«Поехали!»",5,"avatars.yandex.net/get-music-user-playlist/38125/970829816.1077.91768/%%?1605805191768"
"children","Детская музыка со всего мира","children","970829816",1096,"«Хрум, или Сказочный детектив»",70,"avatars.yandex.net/get-music-user-playlist/71140/970829816.1096.18310/%%?1625742718310"
"classicalmusic","Классика","classical","103372440",1146,"Весенние ноты",144,"avatars.yandex.net/get-music-user-playlist/11407805/103372440.1146.50046/%%?1773134850046"
"classicalmusic","Классика","classical","103372440",1710,"Как хиты сыграли бы в консерватории",53,"avatars.yandex.net/get-music-user-playlist/11423738/103372440.1710.97617/%%?1703242197617"
"classicalmusic","Классика","classical","103372440",2438,"Шедевры мировой классики",455,"avatars.yandex.net/get-music-user-playlist/11360783/103372440.2438.46428/%%?1737714046428"
"classicalmusic","Классика","classical","103372440",2739,"Шедевры оперы",50,"avatars.yandex.net/get-music-user-playlist/34120/103372440.2739.89784/%%?1702382189784"
"classicalmusic","Классика","classical","139954184",1473,"Полуночный плейлист: классика и неоклассика",92,"avatars.yandex.net/get-music-user-playlist/71140/139954184.1473.80822/%%?1706000080822"
"classicalmusic","Классика","classical","139954184",1757,"Классика для путешествия на Марс",31,"avatars.yandex.net/get-music-user-playlist/27701/139954184.1757.22212/%%?1712830022212"
"classicalmusic","Классика","classical","139954184",2233,"Шедевры классики на ночь",51,"avatars.yandex.net/get-music-user-playlist/59900/139954184.2233.41484/%%?1706000441484"
"classicalmusic","Классика","classical","139954184",2235,"Шедевры классики для новичков",37,"avatars.yandex.net/get-music-user-playlist/51766/139954184.2235.463/%%?1711990700463"
"classicalmusic","Классика","classical","460075595",1004,"Отечественная неоклассика",131,"avatars.yandex.net/get-music-user-playlist/30088/460075595.1004.72460/%%?1757416272460"
"classicalmusic","Классика","classical","653503978",1185,"Конец старинной музыки",39,"avatars.yandex.net/get-music-user-playlist/51766/653503978.1185.32783/%%?1711990832783"
"classicalmusic","Классика","classical","653503978",1396,"Русское исполнительское искусство",98,"avatars.yandex.net/get-music-user-playlist/10311229/653503978.1396.21118/%%?1724675721118"
"classicalmusic","Классика","classical","653503978",1397,"Шедевры русской музыки",94,"avatars.yandex.net/get-music-user-playlist/28719/653503978.1397.81177/%%?1724675781177"
"country","Кантри","country","103372440",1871,"Для переезда",40,"avatars.yandex.net/get-music-user-playlist/11371754/103372440.1871.47824/%%?1712000347824"
"country","Кантри","country","139954184",1730,"Кантри-меланхолия",45,"avatars.yandex.net/get-music-user-playlist/11371754/139954184.1730.20274/%%?1712000320274"
"country","Кантри","country","139954184",1776,"Кантри для новичков",33,"avatars.yandex.net/get-music-user-playlist/34120/139954184.1776.28275/%%?1712000928275"
"country","Кантри","country","139954184",1797,"Кантри для осеннего настроения",13,"avatars.yandex.net/get-music-user-playlist/28719/139954184.1797.79408/%%?1712000379408"
"country","Кантри","country","139954184",1994,"Хэллоуин в стиле кантри",12,"avatars.yandex.net/get-music-user-playlist/34120/139954184.1994.60007/%%?1712000960007"
"dance","Танцевальная","dance","103372440",1025,"Только EDM",102,"avatars.yandex.net/get-music-user-playlist/11401629/103372440.1025.34364/%%?1737713734364"
"dance","Танцевальная","dance","103372440",1027,"Магия вокального транса",139,"avatars.yandex.net/get-music-user-playlist/27701/103372440.1027.4006/%%?1737713604006"
"dance","Танцевальная","dance","103372440",1291,"Танцы на льду",305,"avatars.yandex.net/get-music-user-playlist/11360783/103372440.1291.1657/%%?1764342901657"
"dance","Танцевальная","dance","103372440",1382,"Танцуем до утра",270,"avatars.yandex.net/get-music-user-playlist/17884433/103372440.1382.51042/%%?1786342751042"
"dance","Танцевальная","dance","103372440",1460,"Тропический хаус",328,"avatars.yandex.net/get-music-user-playlist/30088/103372440.1460.96651/%%?1748459996651"
"dance","Танцевальная","dance","103372440",1475,"100 танцевальных хитов",99,"avatars.yandex.net/get-music-user-playlist/11298840/103372440.1475.64415/%%?1788183964415"
"dance","Танцевальная","dance","103372440",1538,"Ремиксы на хиты 90-х",52,"avatars.yandex.net/get-music-user-playlist/51766/103372440.1538.12606/%%?1711980912606"
"dance","Танцевальная","dance","103372440",2038,"Новые танцевальные хиты",32,"avatars.yandex.net/get-music-user-playlist/11360783/103372440.2038.14122/%%?1788173614122"
"dance","Танцевальная","dance","103372440",2080,"Танцевальные версии зарубежных хитов",294,"avatars.yandex.net/get-music-user-playlist/69910/103372440.2080.54322/%%?1701382354322"
"dance","Танцевальная","dance","103372440",2341,"Танцуем дома",27,"avatars.yandex.net/get-music-user-playlist/51766/103372440.2341.21684/%%?1711980821684"
"dance","Танцевальная","dance","103372440",2359,"Танцевальная музыка для тренировок",298,"avatars.yandex.net/get-music-user-playlist/27701/103372440.2359.94285/%%?1731058094285"
"dance","Танцевальная","dance","103372440",2477,"Только хаус",123,"avatars.yandex.net/get-music-user-playlist/11423738/103372440.2477.80663/%%?1737713980663"
"dance","Танцевальная","dance","103372440",2479,"Только техно",123,"avatars.yandex.net/get-music-user-playlist/11300361/103372440.2479.83094/%%?1737713883094"
"dance","Танцевальная","dance","103372440",2489,"Новые ремиксы",208,"avatars.yandex.net/get-music-user-playlist/11371754/103372440.2489.48369/%%?1788512448369"
"dance","Танцевальная","dance","103372440",2557,"Фестивальное настроение",266,"avatars.yandex.net/get-music-user-playlist/10311229/103372440.2557.20922/%%?1748460720922"
"dance","Танцевальная","dance","103372440",2650,"Громкие новинки: танцевальная музыка",99,"avatars.yandex.net/get-music-user-playlist/11360783/103372440.2650.41690/%%?1788466241690"
"dance","Танцевальная","dance","103372440",2693,"Румынская волна",101,"avatars.yandex.net/get-music-user-playlist/17884433/103372440.2693.11789/%%?1787254511789"
"dance","Танцевальная","dance","139954184",1745,"Романтичная танцевальная музыка",141,"avatars.yandex.net/get-music-user-playlist/11418140/139954184.1745.60832/%%?1711980860832"
"dance","Танцевальная","dance","139954184",1758,"Лучший дабстеп всех времён",14,"avatars.yandex.net/get-music-user-playlist/51766/139954184.1758.78072/%%?1711980878072"
"dance","Танцевальная","dance","139954184",1838,"Бодрящий EDM",160,"avatars.yandex.net/get-music-user-playlist/11423738/139954184.1838.12139/%%?1701175912139"
"dance","Танцевальная","dance","139954184",1881,"Когда так и хочется танцевать",371,"avatars.yandex.net/get-music-user-playlist/38125/139954184.1881.76422/%%?1726492876422"
"dance","Танцевальная","edmgenre","1458899127",1035,"EDM для новичков",89,"avatars.yandex.net/get-music-user-playlist/30088/1458899127.1035.4481ru/%%?1627916606689"
"dance","Танцевальная","dance","653503978",1480,"Меланхоличный хаус",184,"avatars.yandex.net/get-music-user-playlist/30088/653503978.1480.78747/%%?1743589778747"
"dance","Танцевальная","dance","653503978",1577,"Подпольный рейв",166,"avatars.yandex.net/get-music-user-playlist/11407514/653503978.1577.28527/%%?1766390328527"
"dance","Танцевальная","dance","653503978",1635,"Ночной драйв",221,"avatars.yandex.net/get-music-user-playlist/11423738/653503978.1635.73071/%%?1775463673071"
"electronics","Электроника","trance","103372440",1027,"Магия вокального транса",139,"avatars.yandex.net/get-music-user-playlist/27701/103372440.1027.4006/%%?1737713604006"
"electronics","Электроника","dubstep","103372440",1454,"Атмосферный дабстеп",106,"avatars.yandex.net/get-music-user-playlist/51766/103372440.1454.28119/%%?1711981128119"
"electronics","Электроника","house","103372440",1460,"Тропический хаус",328,"avatars.yandex.net/get-music-user-playlist/30088/103372440.1460.96651/%%?1748459996651"
"electronics","Электроника","house","103372440",1474,"Звучит как Берлин",38,"avatars.yandex.net/get-music-user-playlist/11407514/103372440.1474.69445/%%?1701175669445"
"electronics","Электроника","techno","103372440",1511,"Минимал техно",58,"avatars.yandex.net/get-music-user-playlist/70586/103372440.1511.71256/%%?1711981271256"
"electronics","Электроника","lounge","103372440",1670,"Пляжный лаундж",112,"avatars.yandex.net/get-music-user-playlist/59900/103372440.1670.43552/%%?1702551943552"
"electronics","Электроника","dubstep","103372440",2350,"Только дабстеп",111,"avatars.yandex.net/get-music-user-playlist/34120/103372440.2350.78193/%%?1737713778193"
"electronics","Электроника","house","103372440",2477,"Только хаус",123,"avatars.yandex.net/get-music-user-playlist/11423738/103372440.2477.80663/%%?1737713980663"
"electronics","Электроника","techno","103372440",2479,"Только техно",123,"avatars.yandex.net/get-music-user-playlist/11300361/103372440.2479.83094/%%?1737713883094"
"electronics","Электроника","house","103372440",2708,"Джук",47,"avatars.yandex.net/get-music-user-playlist/51766/103372440.2708.91547/%%?1711981191547"
"electronics","Электроника","lounge","103372440",2711,"Лаундж-бар",252,"avatars.yandex.net/get-music-user-playlist/59900/103372440.2711.53489/%%?1701175753489"
"electronics","Электроника","lounge","103372440",2712,"Лаундж для работы",39,"avatars.yandex.net/get-music-user-playlist/59900/103372440.2712.21724/%%?1702382321724"
"electronics","Электроника","trance","103372440",2768,"Только транс",79,"avatars.yandex.net/get-music-user-playlist/11300679/103372440.2768.25989/%%?1737713925989"
"electronics","Электроника","trance","103372440",2769,"Классика пситранса",69,"avatars.yandex.net/get-music-user-playlist/11298840/103372440.2769.30750/%%?1737713330750"
"electronics","Электроника","techno","139954184",1699,"Техно с женским вокалом",32,"avatars.yandex.net/get-music-user-playlist/11423738/139954184.1699.54350/%%?1711981454350"
"electronics","Электроника","dubstep","139954184",1758,"Лучший дабстеп всех времён",14,"avatars.yandex.net/get-music-user-playlist/51766/139954184.1758.78072/%%?1711980878072"
"electronics","Электроника","house","139954184",2006,"Лучший электро-хаус",23,"avatars.yandex.net/get-music-user-playlist/11423738/139954184.2006.41470/%%?1711981541470"
"electronics","Электроника","techno","1458899127",1013,"Техно для новичков",78,"avatars.yandex.net/get-music-user-playlist/30088/1458899127.1013.90395/%%?1724247990395"
"electronics","Электроника","house","1458899127",1014,"Хаус для новичков",81,"avatars.yandex.net/get-music-user-playlist/28719/1458899127.1014.49477/%%?1724248049477"
"electronics","Электроника","trance","1458899127",1015,"Транс для новичков",85,"avatars.yandex.net/get-music-user-playlist/30088/1458899127.1015.12687/%%?1724248112687"
"electronics","Электроника","lounge","1458899127",1017,"Лаундж для новичков",79,"avatars.yandex.net/get-music-user-playlist/28719/1458899127.1017.30446/%%?1724248230446"
"electronics","Электроника","lounge","553947738",1005,"Лаундж",41,"avatars.yandex.net/get-music-user-playlist/59900/553947738.1005.41501ru/%%?1721993343419"
"electronics","Электроника","dubstep","553947738",1032,"Дабстеп",47,"avatars.yandex.net/get-music-user-playlist/27701/553947738.1032.68969/%%?1721992768969"
"electronics","Электроника","techno","603134215",1007,"Рейв",180,"avatars.yandex.net/get-music-user-playlist/27701/603134215.1007.40522/%%?1712245940522"
"electronics","Электроника","trance","653503978",1052,"Погружение в транс",225,"avatars.yandex.net/get-music-user-playlist/11407805/653503978.1052.20615/%%?1788474920615"
"electronics","Электроника","techno","653503978",1065,"Гул индастриал-техно",50,"avatars.yandex.net/get-music-user-playlist/11371754/653503978.1065.76401/%%?1711981376401"
"electronics","Электроника","house","653503978",1141,"Дип-хаус",348,"avatars.yandex.net/get-music-user-playlist/34120/653503978.1141.81413/%%?1711981481413"
"estrada","Эстрада","estrada","103372440",1030,"Вечные хиты советской эстрады",74,"avatars.yandex.net/get-music-user-playlist/11407805/103372440.1030.513/%%?1737712600513"
"estrada","Эстрада","estrada","103372440",2451,"Огни эстрады",164,"avatars.yandex.net/get-music-user-playlist/11418140/103372440.2451.87537/%%?1788466987537"
"estrada","Эстрада","estrada","105590476",1225,"Итальянская эстрада 80-х",17,"avatars.yandex.net/get-music-user-playlist/10311229/105590476.1225.71822/%%?1748957771822"
"fairytales","Аудиосказки","fairytales","103372440",1872,"Детские сказки",414,"avatars.yandex.net/get-music-user-playlist/27701/103372440.1872.29425/%%?1701246929425"
"fairytales","Аудиосказки","fairytales","1106528703",1163,"Сказки про Смешариков",23,"avatars.yandex.net/get-music-user-playlist/71140/1106528703.1163.47398/%%?1701254847398"
"fairytales","Аудиосказки","fairytales","1106528703",1190,"«Три кота». Истории",164,"avatars.yandex.net/get-music-user-playlist/11360783/1106528703.1190.43409/%%?1760093043409"
"fairytales","Аудиосказки","fairytales","1106528703",1214,"Сказки на ночь",41,"avatars.yandex.net/get-music-user-playlist/69910/1106528703.1214.82740/%%?1701163682740"
"fairytales","Аудиосказки","fairytales","543081004",1086,"На репите: сказки",48,"avatars.yandex.net/get-music-user-playlist/27701/543081004.1086.54537/%%?1611936754537"
"fairytales","Аудиосказки","fairytales","970829816",1008,"Сказки в Алисе",16,"avatars.yandex.net/get-music-user-playlist/70586/970829816.1008.16383/%%?1701363316383"
"folk","Музыка мира","romances","1011097180",1048,"Все романсы Рахманинова",87,"avatars.yandex.net/get-music-user-playlist/28719/1011097180.1048.5328/%%?1696855766976"
"folk","Музыка мира","folk","103372440",1381,"Инди-фолк в электричку",73,"avatars.yandex.net/get-music-user-playlist/34120/103372440.1381.91790/%%?1711103991790"
"folk","Музыка мира","romances","103372440",1550,"Песни на стихи русских поэтов",197,"avatars.yandex.net/get-music-user-playlist/10311229/103372440.1550.63343/%%?1710860163343"
"folk","Музыка мира","folk","103372440",1672,"Фолк для рукоделия",45,"avatars.yandex.net/get-music-user-playlist/11407514/103372440.1672.6763/%%?1712001706763"
"folk","Музыка мира","armenian","103372440",1819,"Дудук — душа абрикосового дерева",27,"avatars.yandex.net/get-music-user-playlist/27701/103372440.1819.65143/%%?1703680665143"
"folk","Музыка мира","folk","103372440",2261,"Раскладываем Таро",37,"avatars.yandex.net/get-music-user-playlist/70586/103372440.2261.56691/%%?1728994056691"
"folk","Музыка мира","romances","139954184",1310,"Романсы Чайковского",30,"avatars.yandex.net/get-music-user-playlist/38125/139954184.1310.1001/%%?1430307161386"
"folk","Музыка мира","mahraganat","1899638012",1004,"Mahraganat Misr",123,"avatars.yandex.net/get-music-user-playlist/38125/1899638012.1004.71614/%%?1735316171614"
"folk","Музыка мира","tarab","1899638012",1010,"Tarabiyat",29,"avatars.yandex.net/get-music-user-playlist/59900/1899638012.1010.59011/%%?1707414459011"
"folk","Музыка мира","shelatgenre","1899638012",1015,"Sheilat w Bass",5,"avatars.yandex.net/get-music-user-playlist/30088/1899638012.1015.89009/%%?1711462989009"
"folk","Музыка мира","dabkegenre","1899638012",1031,"Only Dabke",130,"avatars.yandex.net/get-music-user-playlist/10311229/1899638012.1031.10127/%%?1708694010127"
"folk","Музыка мира","raigenre","1899638012",1046,"Raï Hits",20,"avatars.yandex.net/get-music-user-playlist/28719/1899638012.1046.65137/%%?1710331565137"
"folk","Музыка мира","romances","553947738",1090,"Русский романс",30,"avatars.yandex.net/get-music-user-playlist/71140/553947738.1090.59822.ru/%%?1548335259822"
"folk","Музыка мира","folk","653503978",1134,"Народная волна",381,"avatars.yandex.net/get-music-user-playlist/28719/653503978.1134.23279/%%?1701381323279"
"folk","Музыка мира","armenian","653503978",1170,"Армянская народная музыка",22,"avatars.yandex.net/get-music-user-playlist/59900/653503978.1170.95834/%%?1701264895834"
"folk","Музыка мира","turkishfolk","653503978",1182,"Турецкая народная музыка",45,"avatars.yandex.net/get-music-user-playlist/59900/653503978.1182.36025/%%?1701264836025"
"folk","Музыка мира","folk","653503978",1234,"Новый локальный фолк",184,"avatars.yandex.net/get-music-user-playlist/17884433/653503978.1234.4401/%%?1788452104401"
"folk","Музыка мира","folk","653503978",1235,"Сказочный лес",297,"avatars.yandex.net/get-music-user-playlist/11371754/653503978.1235.88992/%%?1701382988992"
"folk","Музыка мира","uzbekfolk","764515431",1027,"Узбекская народная музыка",73,"avatars.yandex.net/get-music-user-playlist/28719/764515431.1027.67186/%%?1701264967186"
"folk","Музыка мира","kazakhfolk","837646795",1058,"Казахская народная музыка",56,"avatars.yandex.net/get-music-user-playlist/51766/837646795.1058.11419/%%?1701298511419"
"folk","Музыка мира","kazakhfolk","837646795",1067,"Кюи казахской степи",28,"avatars.yandex.net/get-music-user-playlist/34120/837646795.1067.20447/%%?1701294820447"
"folk","Музыка мира","kazakhfolk","837646795",1129,"Терме",27,"avatars.yandex.net/get-music-user-playlist/11298840/837646795.1129.69632/%%?1733794869632"
"folk","Музыка мира","turkishclassical","837649603",1031,"Классическая турецкая музыка",30,"avatars.yandex.net/get-music-user-playlist/11407805/837649603.1031.34691/%%?1721828734691"
"folk","Музыка мира","turkishclassical","837649603",1032,"Турецкие классические хиты",46,"avatars.yandex.net/get-music-user-playlist/11407514/837649603.1032.13360/%%?1721830013360"
"forchildren","Детская","lullaby","103372440",2083,"Рок-колыбельные",50,"avatars.yandex.net/get-music-user-playlist/30088/103372440.2083.29736/%%?1701280929736"
"forchildren","Детская","lullaby","103372440",2362,"Рэп-колыбельные",50,"avatars.yandex.net/get-music-user-playlist/51766/103372440.2362.83935/%%?1701280983935"
"forchildren","Детская","lullaby","103372440",2363,"Поп-колыбельные",50,"avatars.yandex.net/get-music-user-playlist/28719/103372440.2363.84174/%%?1701280884174"
"forchildren","Детская","lullaby","105590476",1117,"Колыбельные песни",112,"avatars.yandex.net/get-music-user-playlist/51766/105590476.1117.26736/%%?1701280826736"
"forchildren","Детская","lullaby","139954184",1815,"Колыбельные после тяжёлого дня",7,"avatars.yandex.net/get-music-user-playlist/51766/139954184.1815.20517/%%?1702301020517"
"forchildren","Детская","lullaby","1455688379",1009,"Колыбельные без слов",100,"avatars.yandex.net/get-music-user-playlist/28719/1455688379.1009.80654/%%?1701440080654"
"forchildren","Детская","lullaby","1459520853",1002,"Колыбельные на ночь",18,"avatars.yandex.net/get-music-user-playlist/70586/1459520853.1002.92147/%%?1701267492147"
"forchildren","Детская","lullaby","1459520853",1014,"Папкины колыбельки",15,"avatars.yandex.net/get-music-user-playlist/70586/1459520853.1014.6675/%%?1701260906675"
"indie","Инди","indie","103372440",1664,"Долгая дорога",82,"avatars.yandex.net/get-music-user-playlist/11407805/103372440.1664.55457/%%?1753356555457"
"indie","Инди","indie","103372440",1666,"Лучший инди-рок 2000-х",63,"avatars.yandex.net/get-music-user-playlist/11371754/103372440.1666.25098/%%?1711989425098"
"indie","Инди","indie","103372440",1687,"Прогулка наедине с собой",296,"avatars.yandex.net/get-music-user-playlist/27701/103372440.1687.65639/%%?1730532065639"
"indie","Инди","indie","103372440",1775,"План путешествия",33,"avatars.yandex.net/get-music-user-playlist/34120/103372440.1775.27373/%%?1718382827373"
"indie","Инди","indie","103372440",1823,"От автора",114,"avatars.yandex.net/get-music-user-playlist/69910/103372440.1823.87080ru/%%?1711989790414"
"indie","Инди","indie","103372440",2096,"Инди-заряд",157,"avatars.yandex.net/get-music-user-playlist/69910/103372440.2096.44507/%%?1737713244507"
"indie","Инди","indie","103372440",2138,"Новые инди-хиты",74,"avatars.yandex.net/get-music-user-playlist/11300679/103372440.2138.64567/%%?1782762364567"
"indie","Инди","indie","103372440",2464,"Громкие новинки: инди",80,"avatars.yandex.net/get-music-user-playlist/11407805/103372440.2464.9524/%%?1788432809524"
"indie","Инди","indie","103372440",2513,"100 инди-хитов",99,"avatars.yandex.net/get-music-user-playlist/11184076/103372440.2513.92115/%%?1782761892115"
"indie","Инди","indie","139954184",1892,"Лучшая инди-музыка 80-х",58,"avatars.yandex.net/get-music-user-playlist/34120/139954184.1892.4313/%%?1711989504313"
"indie","Инди","indie","139954184",1912,"Лучшая инди-музыка 90-х",80,"avatars.yandex.net/get-music-user-playlist/28719/139954184.1912.82382/%%?1711988882382"
"indie","Инди","indie","603134215",1000,"Инди для пробежки",111,"avatars.yandex.net/get-music-user-playlist/11298840/603134215.1000.18576/%%?1749709918576"
"indie","Инди","indie","653503978",1214,"Жаркое инди",322,"avatars.yandex.net/get-music-user-playlist/11401629/653503978.1214.91535/%%?1748528091535"
"indie","Инди","indie","653503978",1464,"На пульсе: инди",85,"avatars.yandex.net/get-music-user-playlist/38125/653503978.1464.99477/%%?1788433299477"
"jazz","Джаз","jazz","103372440",1426,"Когда хип-хоп и джаз объединяются",41,"avatars.yandex.net/get-music-user-playlist/11418140/103372440.1426.33094/%%?1711980533094"
"jazz","Джаз","jazz","103372440",1545,"Ужин с родителями",24,"avatars.yandex.net/get-music-user-playlist/69910/103372440.1545.19909/%%?1706000619909"
"jazz","Джаз","bestofjazz","103372440",1796,"Первые леди джаза",46,"avatars.yandex.net/get-music-user-playlist/71140/103372440.1796.72584/%%?1701354972584"
"jazz","Джаз","jazz","103372440",1917,"Джаз разбудит",20,"avatars.yandex.net/get-music-user-playlist/27701/103372440.1917.47467/%%?1705055347467"
"jazz","Джаз","bestofjazz","103372440",2058,"Звёзды джаза",144,"avatars.yandex.net/get-music-user-playlist/11401629/103372440.2058.56742/%%?1737713156742"
"jazz","Джаз","jazz","103372440",2081,"Джаз для работы",93,"avatars.yandex.net/get-music-user-playlist/27701/103372440.2081.91555/%%?1701175591555"
"jazz","Джаз","jazz","103372440",2455,"Современный вокальный джаз",50,"avatars.yandex.net/get-music-user-playlist/27701/103372440.2455.92749/%%?1712000292749"
"jazz","Джаз","bestofjazz","103372440",2458,"Мастера вокального джаза",70,"avatars.yandex.net/get-music-user-playlist/11184076/103372440.2458.47733/%%?1737713647733"
"jazz","Джаз","jazz","103372440",2486,"Джазовые кавер-версии известных песен",50,"avatars.yandex.net/get-music-user-playlist/71140/103372440.2486.77106/%%?1712000177106"
"jazz","Джаз","jazz","103372440",2487,"Тёмная сторона джаза",31,"avatars.yandex.net/get-music-user-playlist/70586/103372440.2487.3056/%%?1710779603056"
"jazz","Джаз","jazz","103372440",2698,"100 хитов джаза",88,"avatars.yandex.net/get-music-user-playlist/30088/103372440.2698.29582/%%?1749653129582"
"jazz","Джаз","bigbands","103372440",2719,"Музыка 1920-х",72,"avatars.yandex.net/get-music-user-playlist/28719/103372440.2719.63354/%%?1738920963354"
"jazz","Джаз","jazz","139954184",1170,"Песни, которые влюбят вас в джаз",13,"avatars.yandex.net/get-music-user-playlist/34120/139954184.1170.15503/%%?1712586515503"
"jazz","Джаз","jazz","139954184",1769,"Королевы джаза",20,"avatars.yandex.net/get-music-user-playlist/30088/139954184.1769.41951/%%?1703242241951"
"jazz","Джаз","bigbands","1458899127",1031,"Биг бэнды для новичков",94,"avatars.yandex.net/get-music-user-playlist/27701/1458899127.1031.50371/%%?1724249150371"
"jazz","Джаз","vocaljazz","1458899127",1032,"Вокальный джаз для новичков",94,"avatars.yandex.net/get-music-user-playlist/28719/1458899127.1032.28052/%%?1724249228052"
"jazz","Джаз","smoothjazz","553947738",1126,"Мягкий джаз",20,"avatars.yandex.net/get-music-user-playlist/59900/553947738.1126.54021ru/%%?1722001655547"
"jazz","Джаз","jazz","653503978",1113,"Джаз-фанк",44,"avatars.yandex.net/get-music-user-playlist/34120/653503978.1113.60913/%%?1712000260913"
"jazz","Джаз","jazz","653503978",1394,"Отечественные джазмены",106,"avatars.yandex.net/get-music-user-playlist/11401629/653503978.1394.76354/%%?1777358176354"
"metal","Метал","metal","103372440",1555,"Когда вскипает кровь",267,"avatars.yandex.net/get-music-user-playlist/71140/103372440.1555.74817/%%?1701174674817"
"metal","Метал","metal","103372440",1628,"Сядь в седло и сделай погромче!",97,"avatars.yandex.net/get-music-user-playlist/27701/103372440.1628.52966/%%?1701271952966"
"metal","Метал","metal","103372440",1699,"Женские голоса в метале",87,"avatars.yandex.net/get-music-user-playlist/59900/103372440.1699.22942/%%?1701354922942"
"metal","Метал","metal","103372440",2059,"Тяжёлые кавер-версии известных песен",154,"avatars.yandex.net/get-music-user-playlist/11300679/103372440.2059.50695/%%?1753373150695"
"metal","Метал","metal","103372440",2061,"Осенний метал, осенний хардкор",437,"avatars.yandex.net/get-music-user-playlist/11401629/103372440.2061.80039/%%?1788194680039"
"metal","Метал","metal","103372440",2062,"Мощь трэш-метала",31,"avatars.yandex.net/get-music-user-playlist/34120/103372440.2062.15028/%%?1712586415028"
"metal","Метал","metal","103372440",2063,"Легенды метала",147,"avatars.yandex.net/get-music-user-playlist/11298840/103372440.2063.19978/%%?1737713419978"
"metal","Метал","metal","103372440",2100,"Тяжёлая тренировка",126,"avatars.yandex.net/get-music-user-playlist/30088/103372440.2100.64191ru/%%?1717400964997"
"metal","Метал","blackmetal","103372440",2311,"Классика блэк-метала",55,"avatars.yandex.net/get-music-user-playlist/11184076/103372440.2311.85186/%%?1737713285186"
"metal","Метал","metal","103372440",2374,"Ктулху фхтагн",40,"avatars.yandex.net/get-music-user-playlist/11300679/103372440.2374.33273/%%?1761259333273"
"metal","Метал","metal","103372440",2544,"Тяжелее, чем танк",24,"avatars.yandex.net/get-music-user-playlist/30088/103372440.2544.95614/%%?1711990995614"
"metal","Метал","metal","103372440",2745,"Новые хиты метала",115,"avatars.yandex.net/get-music-user-playlist/11407805/103372440.2745.96148/%%?1744100696148"
"metal","Метал","metal","103372440",2746,"100 хитов метала",91,"avatars.yandex.net/get-music-user-playlist/11407514/103372440.2746.87464/%%?1744101187464"
"metal","Метал","metal","139954184",1695,"Лучшие песни глэм-метала",20,"avatars.yandex.net/get-music-user-playlist/11418140/139954184.1695.58479/%%?1711999858479"
"metal","Метал","metal","139954184",1743,"Лучшие метал-баллады",16,"avatars.yandex.net/get-music-user-playlist/69910/139954184.1743.60196/%%?1711991260196"
"metal","Метал","metal","139954184",1990,"Устойчивая непогода",275,"avatars.yandex.net/get-music-user-playlist/11401629/139954184.1990.94736/%%?1724945594736"
"metal","Метал","blackmetal","1458899127",1000,"Блэк-метал для новичков",84,"avatars.yandex.net/get-music-user-playlist/34120/1458899127.1000.15470/%%?1724241515470"
"metal","Метал","thrashmetal","1458899127",1001,"Трэш-метал для новичков",83,"avatars.yandex.net/get-music-user-playlist/11360783/1458899127.1001.29312/%%?1724241929312"
"metal","Метал","deathmetal","1458899127",1002,"Дэт-метал для новичков",83,"avatars.yandex.net/get-music-user-playlist/27701/1458899127.1002.92865/%%?1724242292865"
"metal","Метал","sludgemetal","1458899127",1004,"Сладж-метал для новичков",80,"avatars.yandex.net/get-music-user-playlist/11300361/1458899127.1004.56843/%%?1724242656843"
"metal","Метал","postmetal","1458899127",1005,"Постметал для новичков",84,"avatars.yandex.net/get-music-user-playlist/11371754/1458899127.1005.39569/%%?1724242939569"
"metal","Метал","alternativemetal","1458899127",1007,"Альтернативный метал для новичков",72,"avatars.yandex.net/get-music-user-playlist/30088/1458899127.1007.33554/%%?1724244133554"
"metal","Метал","doommetal","1458899127",1011,"Дум-метал для новичков",82,"avatars.yandex.net/get-music-user-playlist/11371754/1458899127.1011.54238/%%?1724246854238"
"metal","Метал","industrial","553947738",1052,"Индастриал",27,"avatars.yandex.net/get-music-user-playlist/70586/553947738.1052.47147ru/%%?1721993248989"
"metal","Метал","gothicmetal","553947738",1136,"Готик-метал",15,"avatars.yandex.net/get-music-user-playlist/10311229/553947738.1136.44047ru/%%?1722001445933"
"metal","Метал","industrial","653503978",1067,"Драйв индастриал-метала",33,"avatars.yandex.net/get-music-user-playlist/70586/653503978.1067.3891/%%?1721393103891"
"metal","Метал","metal","653503978",1222,"Диабло рекомендует",37,"avatars.yandex.net/get-music-user-playlist/10311229/653503978.1222.75047/%%?1710780075047"
"metal","Метал","metal","653503978",1429,"Метал: открытия",253,"avatars.yandex.net/get-music-user-playlist/11407805/653503978.1429.15026/%%?1788518415026"
"nonfictionliterature","Нон-фикшн","work","103372440",1858,"🔩Разработка",92,"avatars.yandex.net/get-music-user-playlist/30088/103372440.1858.29800/%%?1528108692178"
"nonfictionliterature","Нон-фикшн","work","103372440",2054,"Электроника для работы",195,"avatars.yandex.net/get-music-user-playlist/59900/103372440.2054.77321/%%?1701098977321"
"nonfictionliterature","Нон-фикшн","work","103372440",2081,"Джаз для работы",93,"avatars.yandex.net/get-music-user-playlist/27701/103372440.2081.91555/%%?1701175591555"
"nonfictionliterature","Нон-фикшн","work","103372440",2620,"Лоу-фай для работы и учёбы",232,"avatars.yandex.net/get-music-user-playlist/11407805/103372440.2620.22923/%%?1722266422923"
"nonfictionliterature","Нон-фикшн","work","105590476",1280,"Для работы",129,"avatars.yandex.net/get-music-user-playlist/51766/105590476.1280.12464/%%?1701271812464"
"nonfictionliterature","Нон-фикшн","work","1059042080",1014,"Звуки офиса",17,"avatars.yandex.net/get-music-user-playlist/69910/1059042080.1014.99773/%%?1702288299773"
"nonfictionliterature","Нон-фикшн","selfdevelopment","1094410260",1012,"5 книг для эффективного общения",0,"avatars.yandex.net/get-music-user-playlist/38125/1094410260.1012.46095/%%?1595871908145"
"nonfictionliterature","Нон-фикшн","selfdevelopment","1094410260",1014,"Книги, чтобы адаптироваться к новому",0,"avatars.yandex.net/get-music-user-playlist/28719/1094410260.1014.71183/%%?1595871955686"
"nonfictionliterature","Нон-фикшн","selfdevelopment","1094410260",1015,"10 книг чтобы быть счастливым",0,"avatars.yandex.net/get-music-user-playlist/70586/1094410260.1015.24954/%%?1595872118965"
"nonfictionliterature","Нон-фикшн","selfdevelopment","1094410260",1017,"Что читают СЕО: Михаил Кучмент",0,"avatars.yandex.net/get-music-user-playlist/70586/1094410260.1017.51170/%%?1595872095481"
"nonfictionliterature","Нон-фикшн","selfdevelopment","1153349585",1000,"7 книг о целях и их реализации",0,"avatars.yandex.net/get-music-user-playlist/70586/1153349585.1000.17014/%%?1598436122758"
"nonfictionliterature","Нон-фикшн","selfdevelopment","1153349585",1004,"Топ книг по психологии",0,"avatars.yandex.net/get-music-user-playlist/27701/1153349585.1004.1751/%%?1597993632284"
"nonfictionliterature","Нон-фикшн","selfdevelopment","1153349585",1005,"Что читают успешные управленцы",0,"avatars.yandex.net/get-music-user-playlist/69910/1153349585.1005.21129/%%?1599570552283"
"nonfictionliterature","Нон-фикшн","selfdevelopment","1153349585",1007,"11 книг, чтобы не делать глупостей",0,"avatars.yandex.net/get-music-user-playlist/69910/1153349585.1007.87527/%%?1599543796523"
"nonfictionliterature","Нон-фикшн","selfdevelopment","1153349585",1008,"7 книг о том, как сделать мир лучше",0,"avatars.yandex.net/get-music-user-playlist/34120/1153349585.1008.9085/%%?1600938928513"
"nonfictionliterature","Нон-фикшн","selfdevelopment","1153349585",1009,"Книги по рекомендациям великих людей",0,"avatars.yandex.net/get-music-user-playlist/34120/1153349585.1009.91607/%%?1600756590330"
"nonfictionliterature","Нон-фикшн","selfdevelopment","1153349585",1011,"9 важных книг по саморазвитию",0,"avatars.yandex.net/get-music-user-playlist/27701/1153349585.1011.26375/%%?1600938965138"
"nonfictionliterature","Нон-фикшн","selfdevelopment","1153349585",1012,"Мозг: выйти за границы возможного",0,"avatars.yandex.net/get-music-user-playlist/34120/1153349585.1012.5168/%%?1601470714952"
"nonfictionliterature","Нон-фикшн","selfdevelopment","1153349585",1015,"19 книг о лидерстве, развитии других",0,"avatars.yandex.net/get-music-user-playlist/71140/1153349585.1015.34668/%%?1601470673624"
"nonfictionliterature","Нон-фикшн","selfdevelopment","1153349585",1019,"10 книг о привычках и том, как их менять",0,"avatars.yandex.net/get-music-user-playlist/34120/1153349585.1019.47124/%%?1605100010764"
"nonfictionliterature","Нон-фикшн","selfdevelopment","1153349585",1020,"10 лучших книг о смысле жизни",0,"avatars.yandex.net/get-music-user-playlist/38125/1153349585.1020.49308/%%?1607518087317"
"nonfictionliterature","Нон-фикшн","selfdevelopment","1153349585",1021,"10 книг для продуктивного года",0,"avatars.yandex.net/get-music-user-playlist/51766/1153349585.1021.98054/%%?1609322007576"
"nonfictionliterature","Нон-фикшн","selfdevelopment","1153349585",1022,"Топ 2020: 50 самых читаемых книг",1,"avatars.yandex.net/get-music-user-playlist/69910/1153349585.1022.3124/%%?1610350170979"
"nonfictionliterature","Нон-фикшн","selfdevelopment","1153349585",1026,"Что читают умные люди",0,"avatars.yandex.net/get-music-user-playlist/27701/1153349585.1026.70470/%%?1614842870670"
"nonfictionliterature","Нон-фикшн","selfdevelopment","1153349585",1028,"10 книг о политике: что нас ждет",0,"avatars.yandex.net/get-music-user-playlist/27701/1153349585.1028.95775/%%?1614842943711"
"nonfictionliterature","Нон-фикшн","selfdevelopment","1153349585",1030,"10 лучших книг о ЗОЖ",0,"avatars.yandex.net/get-music-user-playlist/71140/1153349585.1030.21973/%%?1617351412744"
"nonfictionliterature","Нон-фикшн","selfdevelopment","1153349585",1033,"10 лучших книг про переговоры",0,"avatars.yandex.net/get-music-user-playlist/28719/1153349585.1033.3552/%%?1619505144466"
"nonfictionliterature","Нон-фикшн","selfdevelopment","1153349585",1034,"Какие книги должен прочитать каждый?",1,"avatars.yandex.net/get-music-user-playlist/30088/1153349585.1034.63822/%%?1622192718080"
"nonfictionliterature","Нон-фикшн","selfdevelopment","1153349585",1037,"Что читают умные люди: Джефф Безос",0,"avatars.yandex.net/get-music-user-playlist/30088/1153349585.1037.93270/%%?1626425773446"
"nonfictionliterature","Нон-фикшн","selfdevelopment","1153349585",1038,"Топ книг для успешной карьеры",0,"avatars.yandex.net/get-music-user-playlist/28719/1153349585.1038.61342/%%?1626425804914"
"nonfictionliterature","Нон-фикшн","selfdevelopment","1153349585",1039,"Книги для развития soft skills",0,"avatars.yandex.net/get-music-user-playlist/69910/1153349585.1039.23842/%%?1626425649759"
"nonfictionliterature","Нон-фикшн","selfdevelopment","1153349585",1042,"Книги для подростков",1,"avatars.yandex.net/get-music-user-playlist/71140/1153349585.1042.12308/%%?1629882687427"
"nonfictionliterature","Нон-фикшн","selfdevelopment","1153349585",1043,"Что читают умные люди: Герасичев",0,"avatars.yandex.net/get-music-user-playlist/38125/1153349585.1043.59858/%%?1636122045561"
"nonfictionliterature","Нон-фикшн","selfdevelopment","1153349585",1045,"Радислав Гандапас рекомендует",0,"avatars.yandex.net/get-music-user-playlist/51766/1153349585.1045.9586/%%?1636122028483"
"nonfictionliterature","Нон-фикшн","selfdevelopment","1153349585",1049,"8 вдохновляющих биографий",0,"avatars.yandex.net/get-music-user-playlist/51766/1153349585.1049.58388/%%?1643008228896"
"nonfictionliterature","Нон-фикшн","selfdevelopment","1153349585",1052,"Как справиться с тревогой",0,"avatars.yandex.net/get-music-user-playlist/30088/1153349585.1052.21633/%%?1646051099244"
"nonfictionliterature","Нон-фикшн","selfdevelopment","1153349585",1053,"Как справиться с неопределенностью",0,"avatars.yandex.net/get-music-user-playlist/51766/1153349585.1053.42986/%%?1647583071208"
"nonfictionliterature","Нон-фикшн","selfdevelopment","1153349585",1056,"Как может помочь медитация",0,"avatars.yandex.net/get-music-user-playlist/27701/1153349585.1056.48967/%%?1647583118197"
"nonfictionliterature","Нон-фикшн","selfdevelopment","1153349585",1057,"Что делать с эмоциями",0,"avatars.yandex.net/get-music-user-playlist/38125/1153349585.1057.31486/%%?1648622788387"
"nonfictionliterature","Нон-фикшн","selfdevelopment","1153349585",1058,"Лучшие книги о критическом мышлении",0,"avatars.yandex.net/get-music-user-playlist/28719/1153349585.1058.77917/%%?1650453195638"
"nonfictionliterature","Нон-фикшн","selfdevelopment","1153349585",1059,"Как начать жизнь с нуля",0,"avatars.yandex.net/get-music-user-playlist/28719/1153349585.1059.46064/%%?1650528449101"
"nonfictionliterature","Нон-фикшн","selfdevelopment","1153349585",1072,"Мыслить как стратег",0,"avatars.yandex.net/get-music-user-playlist/59900/1153349585.1072.33407/%%?1663573307810"
"nonfictionliterature","Нон-фикшн","selfdevelopment","1153349585",1073,"Лучшие книги по тайм-менеджменту",0,"avatars.yandex.net/get-music-user-playlist/30088/1153349585.1073.28053/%%?1663573331237"
"nonfictionliterature","Нон-фикшн","selfdevelopment","1153349585",1074,"Книги по эмоциональному интеллекту",0,"avatars.yandex.net/get-music-user-playlist/34120/1153349585.1074.34500/%%?1663573353407"
"nonfictionliterature","Нон-фикшн","work","139954184",1613,"Для длинных конспектов",72,"avatars.yandex.net/get-music-user-playlist/51766/139954184.1613.58149/%%?1706004858149"
"nonfictionliterature","Нон-фикшн","work","139954184",1831,"Лучшие песни, чтобы разозлить коллег",14,"avatars.yandex.net/get-music-user-playlist/30088/139954184.1831.44128/%%?1536604644128"
"nonfictionliterature","Нон-фикшн","work","139954184",1837,"Что слушать, пока вы пишете",22,"avatars.yandex.net/get-music-user-playlist/69910/139954184.1837.19669/%%?1706000319669"
"nonfictionliterature","Нон-фикшн","work","139954184",1870,"Чтобы оставаться бодрым после обеда",16,"avatars.yandex.net/get-music-user-playlist/59900/139954184.1870.76216/%%?1706000376216"
"nonfictionliterature","Нон-фикшн","work","139954184",1871,"Для уединения в опенспейсе",10,"avatars.yandex.net/get-music-user-playlist/27701/139954184.1871.9029/%%?1551588909029"
"nonfictionliterature","Нон-фикшн","work","139954184",1873,"Забыть о работе",43,"avatars.yandex.net/get-music-user-playlist/30088/139954184.1873.20838/%%?1743772520838"
"nonfictionliterature","Нон-фикшн","work","139954184",2000,"Мы — команда: мотивирующий плейлист для работы",22,"avatars.yandex.net/get-music-user-playlist/51766/139954184.2000.93356/%%?1510172856897"
"nonfictionliterature","Нон-фикшн","work","653852686",1001,"Музыка для работы",55,"avatars.yandex.net/get-music-user-playlist/51766/653852686.1001.95663.ru/%%?1528054795663"
"other","Другое","sport","103372440",1380,"Бег по лужам",35,"avatars.yandex.net/get-music-user-playlist/34120/103372440.1380.64307/%%?1711106264307"
"other","Другое","sport","103372440",1515,"Тем, кто ходит в зал и слушает рэп",50,"avatars.yandex.net/get-music-user-playlist/27701/103372440.1515.94658/%%?1706000194658"
"other","Другое","sport","103372440",1524,"Йога",38,"avatars.yandex.net/get-music-user-playlist/11407514/103372440.1524.82531/%%?1730116182531"
"other","Другое","sport","103372440",1585,"Популярная музыка для тренировок",173,"avatars.yandex.net/get-music-user-playlist/11371754/103372440.1585.69554/%%?1753372869554"
"other","Другое","holiday","103372440",1668,"Девичник",260,"avatars.yandex.net/get-music-user-playlist/59900/103372440.1668.6448/%%?1709716406448"
"other","Другое","sport","103372440",1676,"CrossFit",33,"avatars.yandex.net/get-music-user-playlist/69910/103372440.1676.48902/%%?1749710548902"
"other","Другое","sport","103372440",1691,"Шайбу! Шайбу!",47,"avatars.yandex.net/get-music-user-playlist/59900/103372440.1691.80643/%%?1711710380643"
"other","Другое","sport","103372440",1866,"Адреналиновый вайб",74,"avatars.yandex.net/get-music-user-playlist/34120/103372440.1866.56354/%%?1724060056354"
"other","Другое","holiday","103372440",1876,"Мальчишник",25,"avatars.yandex.net/get-music-user-playlist/30088/103372440.1876.85930/%%?1711450485930"
"other","Другое","sport","103372440",1963,"Фрирайд",216,"avatars.yandex.net/get-music-user-playlist/38125/103372440.1963.39565/%%?1764342839565"
"other","Другое","holiday","103372440",2055,"Безумная русская дискотека",57,"avatars.yandex.net/get-music-user-playlist/70586/103372440.2055.42051/%%?1705996242051"
"other","Другое","sport","103372440",2100,"Тяжёлая тренировка",126,"avatars.yandex.net/get-music-user-playlist/30088/103372440.2100.64191ru/%%?1717400964997"
"other","Другое","holiday","103372440",2196,"Вечеринка 80-х и 90-х",22,"avatars.yandex.net/get-music-user-playlist/30088/103372440.2196.67895ru/%%?1711449769569"
"other","Другое","sport","103372440",2307,"HIIT-тренировка",33,"avatars.yandex.net/get-music-user-playlist/70586/103372440.2307.77730/%%?1705996577730"
"other","Другое","sport","103372440",2308,"ZUMBA-фитнес",30,"avatars.yandex.net/get-music-user-playlist/69910/103372440.2308.66920/%%?1749710566920"
"other","Другое","sport","103372440",2317,"Аэробика дома",25,"avatars.yandex.net/get-music-user-playlist/27701/103372440.2317.36993/%%?1705999536993"
"other","Другое","sport","103372440",2359,"Танцевальная музыка для тренировок",298,"avatars.yandex.net/get-music-user-playlist/27701/103372440.2359.94285/%%?1731058094285"
"other","Другое","sport","103372440",2396,"Тренировка в лёгком темпе",29,"avatars.yandex.net/get-music-user-playlist/70586/103372440.2396.11020/%%?1701271511020"
"other","Другое","sport","103372440",2397,"Тренировка в среднем темпе",30,"avatars.yandex.net/get-music-user-playlist/71140/103372440.2397.53098/%%?1701271653098"
"other","Другое","sport","103372440",2398,"Тренировка в интенсивном темпе",65,"avatars.yandex.net/get-music-user-playlist/70586/103372440.2398.3619/%%?1701271703619"
"other","Другое","holiday","103372440",2547,"Для вечеринки",78,"avatars.yandex.net/get-music-user-playlist/10311229/103372440.2547.60138/%%?1762768060138"
"other","Другое","sport","139954184",1056,"Музыка чемпионов",19,"avatars.yandex.net/get-music-user-playlist/34120/139954184.1056.64346/%%?1710769664346"
"other","Другое","sport","139954184",1169,"Альтернативный разбег",157,"avatars.yandex.net/get-music-user-playlist/59900/139954184.1169.26081/%%?1702985026081"
"other","Другое","holiday","139954184",1465,"Вечеринка нулевых",36,"avatars.yandex.net/get-music-user-playlist/51766/139954184.1465.45025/%%?1711449445025"
"other","Другое","sport","139954184",1598,"Плейлист для спортзала",348,"avatars.yandex.net/get-music-user-playlist/11401629/139954184.1598.36195/%%?1753372936195"
"other","Другое","sport","139954184",1599,"Для велосипедных прогулок",77,"avatars.yandex.net/get-music-user-playlist/11371754/139954184.1599.88410/%%?1782730988410"
"other","Другое","sport","139954184",1602,"Размеренный бег",73,"avatars.yandex.net/get-music-user-playlist/51766/139954184.1602.30067/%%?1701382430067"
"other","Другое","sport","139954184",1629,"Музыка для сёрфинга",40,"avatars.yandex.net/get-music-user-playlist/69910/139954184.1629.13689/%%?1749710813689"
"other","Другое","sport","139954184",1714,"Хип-хоп для спортивных танцев",32,"avatars.yandex.net/get-music-user-playlist/11401629/139954184.1714.74662/%%?1749710874662"
"other","Другое","sport","139954184",1975,"Грувовый спринт",37,"avatars.yandex.net/get-music-user-playlist/59900/139954184.1975.11714/%%?1701382511714"
"other","Другое","sport","139954184",2065,"Порхай на льду",48,"avatars.yandex.net/get-music-user-playlist/69910/139954184.2065.56614/%%?1711724356614"
"other","Другое","holiday","139954184",2078,"Вечеринка в честь совершеннолетия",36,"avatars.yandex.net/get-music-user-playlist/27701/139954184.2078.58826/%%?1711450558826"
"other","Другое","holiday","139954184",2081,"Поп-музыка для свадебной вечеринки",75,"avatars.yandex.net/get-music-user-playlist/71140/139954184.2081.88149/%%?1711449988149"
"other","Другое","sport","139954184",2144,"Музыка для скандинавской ходьбы",33,"avatars.yandex.net/get-music-user-playlist/51766/139954184.2144.6934/%%?1711711406934"
"other","Другое","sport","2353368783",1004,"Держим ритм",293,"avatars.yandex.net/get-music-user-playlist/11423738/2353368783.1004.89447/%%?1775046389447"
"other","Другое","sport","603134215",1000,"Инди для пробежки",111,"avatars.yandex.net/get-music-user-playlist/11298840/603134215.1000.18576/%%?1749709918576"
"other","Другое","sport","603134215",1005,"Сайклинг",22,"avatars.yandex.net/get-music-user-playlist/10311229/603134215.1005.34385ru/%%?1711711936581"
"other","Другое","sport","653503978",1152,"Power Bank для тренировок",28,"avatars.yandex.net/get-music-user-playlist/70586/653503978.1152.99359/%%?1702381299359"
"other","Другое","sport","653503978",1344,"Второе дыхание",233,"avatars.yandex.net/get-music-user-playlist/11423738/653503978.1344.3911/%%?1759763603911"
"other","Другое","sport","653503978",1663,"Дух Чемпионата мира",117,"avatars.yandex.net/get-music-user-playlist/38125/653503978.1663.46465/%%?1780661146465"
"other","Другое","sport","837646795",1240,"Путь к октагону",94,"avatars.yandex.net/get-music-user-playlist/11298840/837646795.1240.13010/%%?1752061513010"
"other","Другое","sport","970829816",1012,"Крик с трибун",108,"avatars.yandex.net/get-music-user-playlist/10311229/970829816.1012.7335/%%?1781870807335"
"other","Другое","sport","970829816",1089,"Заняться телом",73,"avatars.yandex.net/get-music-user-playlist/11401629/970829816.1089.37668/%%?1719383937668"
"podcasts","Подкасты","podcasts","1094410260",1000,"Подкасты: выбор ALEKSEEV",5,"avatars.yandex.net/get-music-user-playlist/30088/1094410260.1000.49706ru/%%?1590496351424"
"podcasts","Подкасты","podcasts","1094410260",1001,"Подкасты: выбор Елены Темниковой",7,"avatars.yandex.net/get-music-user-playlist/38125/1094410260.1001.38894ru/%%?1590498540578"
"podcasts","Подкасты","podcasts","1094410260",1002,"Подкасты: выбор Мари Краймбрери",4,"avatars.yandex.net/get-music-user-playlist/59900/1094410260.1002.13987/%%?1701351213987"
"podcasts","Подкасты","podcasts","1094410260",1003,"Подкасты: выбор Глюк'oZa",4,"avatars.yandex.net/get-music-user-playlist/69910/1094410260.1003.14517ru/%%?1590498116406"
"podcasts","Подкасты","podcasts","1094410260",1004,"Подкасты: выбор Anacondaz",6,"avatars.yandex.net/get-music-user-playlist/59900/1094410260.1004.89238ru/%%?1710327590584"
"podcasts","Подкасты","podcasts","1094410260",1005,"Подкасты: выбор Натальи Османн",3,"avatars.yandex.net/get-music-user-playlist/38125/1094410260.1005.86334ru/%%?1590497888098"
"podcasts","Подкасты","podcasts","1094410260",1006,"Подкасты: выбор Therr Maitz",10,"avatars.yandex.net/get-music-user-playlist/27701/1094410260.1006.15560/%%?1701351415560"
"podcasts","Подкасты","podcasts","1094410260",1007,"Подкасты: выбор TSOY",4,"avatars.yandex.net/get-music-user-playlist/34120/1094410260.1007.33381ru/%%?1701882035695"
"podcasts","Подкасты","podcasts","1094410260",1008,"Подкасты: выбор Риты Дакоты",6,"avatars.yandex.net/get-music-user-playlist/28719/1094410260.1008.18875/%%?1701351218875"
"podcasts","Подкасты","podcasts","1094410260",1009,"Подкасты: выбор VADA",4,"avatars.yandex.net/get-music-user-playlist/34120/1094410260.1009.87911ru/%%?1593188389640"
"podcasts","Подкасты","podcasts","1094410260",1010,"Подкасты: выбор Манижи",5,"avatars.yandex.net/get-music-user-playlist/34120/1094410260.1010.35967/%%?1701351135967"
"podcasts","Подкасты","podcasts","1094410260",1011,"Подкасты: выбор polnalyubvi",5,"avatars.yandex.net/get-music-user-playlist/51766/1094410260.1011.66109/%%?1701351366109"
"podcasts","Подкасты","podcasts","1094410260",1018,"Подкасты: выбор Mirèle",4,"avatars.yandex.net/get-music-user-playlist/59900/1094410260.1018.53429/%%?1701351053429"
"podcasts","Подкасты","podcasts","1094410260",1019,"Подкасты: выбор Маши Химы",6,"avatars.yandex.net/get-music-user-playlist/38125/1094410260.1019.48263ru/%%?1596790149374"
"podcasts","Подкасты","podcasts","1094410260",1020,"Подкасты: выбор IOWA",4,"avatars.yandex.net/get-music-user-playlist/69910/1094410260.1020.31003ru/%%?1597401032165"
"podcasts","Подкасты","podcasts","1094410260",1021,"Подкасты: выбор Tanir & Tyomcha",4,"avatars.yandex.net/get-music-user-playlist/71140/1094410260.1021.27627ru/%%?1599808628893"
"podcasts","Подкасты","podcasts","1094410260",1022,"Подкасты: выбор SHENA?",5,"avatars.yandex.net/get-music-user-playlist/28719/1094410260.1022.2319ru/%%?1600436803380"
"podcasts","Подкасты","podcasts","1094410260",1023,"Подкасты: выбор HARU",5,"avatars.yandex.net/get-music-user-playlist/51766/1094410260.1023.23041ru/%%?1602749923948"
"podcasts","Подкасты","podcasts","1094410260",1024,"Подкасты: выбор Маруси Климовой",7,"avatars.yandex.net/get-music-user-playlist/30088/1094410260.1024.91684ru/%%?1603974392647"
"podcasts","Подкасты","podcasts","1094410260",1025,"Подкасты: выбор Александра Цыпкина",7,"avatars.yandex.net/get-music-user-playlist/34120/1094410260.1025.30174/%%?1701351130174"
"podcasts","Подкасты","podcasts","1094410260",1026,"Подкасты: выбор Тани Бабенковой",6,"avatars.yandex.net/get-music-user-playlist/38125/1094410260.1026.25067ru/%%?1605111626377"
"podcasts","Подкасты","podcasts","1094410260",1027,"Подкасты: выбор Руслана Белого",5,"avatars.yandex.net/get-music-user-playlist/28719/1094410260.1027.92771/%%?1701351292771"
"podcasts","Подкасты","podcasts","1094410260",1028,"Подкасты: выбор Яна Цапника",7,"avatars.yandex.net/get-music-user-playlist/59900/1094410260.1028.28693/%%?1701351328693"
"podcasts","Подкасты","podcasts","1094410260",1029,"Подкасты: выбор Кирилла Феликса",8,"avatars.yandex.net/get-music-user-playlist/51766/1094410260.1029.42817ru/%%?1606473743540"
"podcasts","Подкасты","podcasts","1094410260",1030,"Подкасты: выбор Евгения Бабушкина",9,"avatars.yandex.net/get-music-user-playlist/70586/1094410260.1030.86768ru/%%?1632906188666"
"podcasts","Подкасты","podcasts","1094410260",1031,"Подкасты: выбор Кристины Вазовски",14,"avatars.yandex.net/get-music-user-playlist/70586/1094410260.1031.42009/%%?1701350842009"
"podcasts","Подкасты","podcasts","1094410260",1032,"Подкасты: выбор Маши Андреевой",5,"avatars.yandex.net/get-music-user-playlist/28719/1094410260.1032.8954ru/%%?1607077810016"
"podcasts","Подкасты","podcasts","1094410260",1033,"Подкасты: выбор Софы Купер",8,"avatars.yandex.net/get-music-user-playlist/30088/1094410260.1033.62178ru/%%?1608302363333"
"podcasts","Подкасты","podcasts","1094410260",1034,"Подкасты: выбор Саши Айс",8,"avatars.yandex.net/get-music-user-playlist/38125/1094410260.1034.49758ru/%%?1607711750281"
"podcasts","Подкасты","podcasts","1094410260",1035,"Подкасты: выбор Севы Бойко",13,"avatars.yandex.net/get-music-user-playlist/34120/1094410260.1035.44649/%%?1701350544649"
"podcasts","Подкасты","podcasts","1094410260",1036,"Подкасты: выбор Даши Даниловой",10,"avatars.yandex.net/get-music-user-playlist/34120/1094410260.1036.18838ru/%%?1632906120632"
"podcasts","Подкасты","podcasts","1094410260",1038,"Подкасты: выбор студии «Шторм»",19,"avatars.yandex.net/get-music-user-playlist/70586/1094410260.1038.36411ru/%%?1638868937593"
"podcasts","Подкасты","podcasts","1094410260",1039,"Поговорили с Чумой Вечеринкой",8,"avatars.yandex.net/get-music-user-playlist/59900/1094410260.1039.92865ru/%%?1621259493809"
"podcasts","Подкасты","podcasts","1094410260",1046,"Поговорили с Лизой Туктамышевой",4,"avatars.yandex.net/get-music-user-playlist/59900/1094410260.1046.24939ru/%%?1618246925721"
"podcasts","Подкасты","podcasts","1094410260",1047,"Поговорили с Манижей",8,"avatars.yandex.net/get-music-user-playlist/59900/1094410260.1047.65427/%%?1701363565427"
"podcasts","Подкасты","podcasts","1094410260",1048,"Поговорили с Данилой Поперечным",8,"avatars.yandex.net/get-music-user-playlist/27701/1094410260.1048.69633/%%?1701363469633"
"podcasts","Подкасты","podcasts","1130000020561847",1000,"Подкасты: выбор Disgusting Men",10,"avatars.yandex.net/get-music-user-playlist/51766/1130000020561847.1000.91680/%%?1701350391680"
"podcasts","Подкасты","podcasts","1193825329",1004,"Английский по хитам с IOWA",5,"avatars.yandex.net/get-music-user-playlist/28719/1193825329.1004.98615/%%?1620742759955"
"podcasts","Подкасты","podcasts","1193825329",1006,"Английский по хитам с Mirèle",4,"avatars.yandex.net/get-music-user-playlist/71140/1193825329.1006.87190/%%?1623311855608"
"podcasts","Подкасты","podcasts","1269137354",1000,"Подкасты: выбор «Заварили Медиа»",39,"avatars.yandex.net/get-music-user-playlist/27701/1269137354.1000.72360/%%?1701350872360"
"podcasts","Подкасты","podcasts","13457539",1008,"Подкасты: выбор Лики Кремер",24,"avatars.yandex.net/get-music-user-playlist/51766/13457539.1008.28924/%%?1701350128924"
"podcasts","Подкасты","podcasts","157181396",1012,"Подкасты: выбор Льва Пикалёва",8,"avatars.yandex.net/get-music-user-playlist/59900/157181396.1012.94892/%%?1701350294892"
"podcasts","Подкасты","podcasts","297307569",1005,"Подкасты: выбор Гриши Пророкова",11,"avatars.yandex.net/get-music-user-playlist/27701/297307569.1005.41128/%%?1701350241128"
"podcasts","Подкасты","podcasts","301808280",1007,"Подкасты: выбор Филиппа Дзядко",19,"avatars.yandex.net/get-music-user-playlist/59900/301808280.1007.88011/%%?1701350188011"
"podcasts","Подкасты","podcasts","331488280",1001,"Подкасты: выбор ведущих НОРМ",21,"avatars.yandex.net/get-music-user-playlist/30088/331488280.1001.65449/%%?1701350765449"
"podcasts","Подкасты","podcasts","521392836",1000,"Подкасты: выбор Аси Тереховой",9,"avatars.yandex.net/get-music-user-playlist/51766/521392836.1000.45792/%%?1701350345792"
"podcasts","Подкасты","podcasts","859802138",1031,"Подкасты: выбор Лизы Сургановой",12,"avatars.yandex.net/get-music-user-playlist/27701/859802138.1031.95033ru/%%?1637160396353"
"podcasts","Подкасты","podcasts","970829816",1000,"Подкасты: с чего начать",31,"avatars.yandex.net/get-music-user-playlist/51766/970829816.1000.1321/%%?1701359401321"
"podcasts","Подкасты","podcasts","970829816",1001,"В поисках себя",50,"avatars.yandex.net/get-music-user-playlist/11407805/970829816.1001.7059/%%?1710246007059"
"podcasts","Подкасты","podcasts","970829816",1010,"В отношениях",164,"avatars.yandex.net/get-music-user-playlist/30088/970829816.1010.81858/%%?1739454481858"
"podcasts","Подкасты","podcasts","970829816",1011,"Приводя дела в порядок",46,"avatars.yandex.net/get-music-user-playlist/38125/970829816.1011.14231/%%?1725377214231"
"podcasts","Подкасты","podcasts","970829816",1012,"Крик с трибун",108,"avatars.yandex.net/get-music-user-playlist/10311229/970829816.1012.7335/%%?1781870807335"
"podcasts","Подкасты","podcasts","970829816",1013,"Поговорим о кино",133,"avatars.yandex.net/get-music-user-playlist/11298840/970829816.1013.26016/%%?1761745326016"
"podcasts","Подкасты","podcasts","970829816",1014,"Когда тянет пофилософствовать",42,"avatars.yandex.net/get-music-user-playlist/70586/970829816.1014.91717/%%?1701336791717"
"podcasts","Подкасты","podcasts","970829816",1016,"Новая мужественность",43,"avatars.yandex.net/get-music-user-playlist/51766/970829816.1016.29234/%%?1701345429234"
"podcasts","Подкасты","podcasts","970829816",1017,"Звучит аппетитно",63,"avatars.yandex.net/get-music-user-playlist/71140/970829816.1017.17543/%%?1732260517543"
"podcasts","Подкасты","podcasts","970829816",1018,"Подруга за подругу",96,"avatars.yandex.net/get-music-user-playlist/11423738/970829816.1018.60340/%%?1709843460340"
"podcasts","Подкасты","podcasts","970829816",1019,"Подкасты: громкие новинки",22,"avatars.yandex.net/get-music-user-playlist/17884433/970829816.1019.97083/%%?1771053597083"
"podcasts","Подкасты","podcasts","970829816",1020,"В помощь родителям",111,"avatars.yandex.net/get-music-user-playlist/11300679/970829816.1020.1261/%%?1725377101261"
"podcasts","Подкасты","podcasts","970829816",1021,"Ламповый вечер",53,"avatars.yandex.net/get-music-user-playlist/11371754/970829816.1021.92723/%%?1745500592723"
"podcasts","Подкасты","podcasts","970829816",1024,"Реальная история",60,"avatars.yandex.net/get-music-user-playlist/11298840/970829816.1024.88443/%%?1729863388443"
"podcasts","Подкасты","podcasts","970829816",1028,"Будьте здоровы",169,"avatars.yandex.net/get-music-user-playlist/71140/970829816.1028.98901/%%?1710245898901"
"podcasts","Подкасты","podcasts","970829816",1029,"Разобраться в себе",206,"avatars.yandex.net/get-music-user-playlist/11360783/970829816.1029.42814/%%?1770888742814"
"podcasts","Подкасты","podcasts","970829816",1032,"Дело было так",144,"avatars.yandex.net/get-music-user-playlist/11407805/970829816.1032.13018/%%?1729863413018"
"podcasts","Подкасты","podcasts","970829816",1033,"В гармонии с собой",45,"avatars.yandex.net/get-music-user-playlist/10311229/970829816.1033.51857/%%?1710245951857"
"podcasts","Подкасты","podcasts","970829816",1034,"Просто космос",69,"avatars.yandex.net/get-music-user-playlist/10311229/970829816.1034.88552/%%?1712829588552"
"podcasts","Подкасты","podcasts","970829816",1037,"О войне и победе",34,"avatars.yandex.net/get-music-user-playlist/51766/970829816.1037.58900ru/%%?1644243459759"
"podcasts","Подкасты","podcasts","970829816",1052,"Великий и могучий",42,"avatars.yandex.net/get-music-user-playlist/51766/970829816.1052.91130ru/%%?1591280191933"
"podcasts","Подкасты","podcasts","970829816",1053,"В мире digital",150,"avatars.yandex.net/get-music-user-playlist/51766/970829816.1053.52356/%%?1701345552356"
"podcasts","Подкасты","podcasts","970829816",1054,"Город мечты",56,"avatars.yandex.net/get-music-user-playlist/11371754/970829816.1054.18220/%%?1710246018220"
"podcasts","Подкасты","podcasts","970829816",1057,"Культурный код",106,"avatars.yandex.net/get-music-user-playlist/11407805/970829816.1057.54542/%%?1701342454542"
"podcasts","Подкасты","podcasts","970829816",1062,"Про деньги",78,"avatars.yandex.net/get-music-user-playlist/11423738/970829816.1062.72449/%%?1749050472449"
"podcasts","Подкасты","podcasts","970829816",1064,"Подкасты для детей",59,"avatars.yandex.net/get-music-user-playlist/59900/970829816.1064.27846/%%?1701342127846"
"podcasts","Подкасты","podcasts","970829816",1072,"Подкасты только для взрослых",89,"avatars.yandex.net/get-music-user-playlist/11360783/970829816.1072.20501/%%?1770888520501"
"podcasts","Подкасты","podcasts","970829816",1073,"Смех да и только. 18+",39,"avatars.yandex.net/get-music-user-playlist/69910/970829816.1073.87573/%%?1701340987573"
"podcasts","Подкасты","podcasts","970829816",1075,"Погромче о музыке",186,"avatars.yandex.net/get-music-user-playlist/11407514/970829816.1075.83792/%%?1771003283792"
"podcasts","Подкасты","podcasts","970829816",1083,"Умом Россию не понять",79,"avatars.yandex.net/get-music-user-playlist/59900/970829816.1083.73975/%%?1701343873975"
"podcasts","Подкасты","podcasts","970829816",1084,"Прекрасное далёко",74,"avatars.yandex.net/get-music-user-playlist/70586/970829816.1084.6448/%%?1718877206448"
"podcasts","Подкасты","podcasts","970829816",1085,"Заняться домом",72,"avatars.yandex.net/get-music-user-playlist/34120/970829816.1085.32132/%%?1732260632132"
"podcasts","Подкасты","podcasts","970829816",1088,"Заняться делом",42,"avatars.yandex.net/get-music-user-playlist/11371754/970829816.1088.74613/%%?1732260574613"
"podcasts","Подкасты","podcasts","970829816",1089,"Заняться телом",73,"avatars.yandex.net/get-music-user-playlist/11401629/970829816.1089.37668/%%?1719383937668"
"podcasts","Подкасты","podcasts","970829816",1092,"Бережно к Земле",70,"avatars.yandex.net/get-music-user-playlist/51766/970829816.1092.72142/%%?1701342772142"
"podcasts","Подкасты","podcasts","970829816",1093,"К первой паре",52,"avatars.yandex.net/get-music-user-playlist/34120/970829816.1093.77809/%%?1715875177809"
"podcasts","Подкасты","podcasts","970829816",1095,"Заняться игрой",95,"avatars.yandex.net/get-music-user-playlist/34120/970829816.1095.13698/%%?1732260713698"
"podcasts","Подкасты","podcasts","970829816",1099,"Открытый микрофон",27,"avatars.yandex.net/get-music-user-playlist/51766/970829816.1099.44572/%%?1701343744572"
"podcasts","Подкасты","podcasts","970829816",1101,"От Волги до Магадана",76,"avatars.yandex.net/get-music-user-playlist/28719/970829816.1101.80328ru/%%?1719383881471"
"podcasts","Подкасты","podcasts","970829816",1102,"Пережить переходный возраст",45,"avatars.yandex.net/get-music-user-playlist/11401629/970829816.1102.98734/%%?1715875198734"
"podcasts","Подкасты","podcasts","970829816",1103,"Единый государственный",44,"avatars.yandex.net/get-music-user-playlist/27701/970829816.1103.50134ru/%%?1715774851839"
"podcasts","Подкасты","podcasts","970829816",1104,"В дальний путь",79,"avatars.yandex.net/get-music-user-playlist/70586/970829816.1104.50610/%%?1719383650610"
"podcasts","Подкасты","podcasts","970829816",1105,"Магия чисел",22,"avatars.yandex.net/get-music-user-playlist/70586/970829816.1105.67345/%%?1701344067345"
"podcasts","Подкасты","podcasts","970829816",1106,"Вездесущий NFT",16,"avatars.yandex.net/get-music-user-playlist/71140/970829816.1106.64677/%%?1701340864677"
"podcasts","Подкасты","podcasts","970829816",1112,"Папа может",35,"avatars.yandex.net/get-music-user-playlist/38125/970829816.1112.52925/%%?1729252452925"
"podcasts","Подкасты","podcasts","970829816",1113,"В течение трёх рабочих дней",116,"avatars.yandex.net/get-music-user-playlist/10311229/970829816.1113.72402/%%?1731348572402"
"podcasts","Подкасты","podcasts","970829816",1126,"В своём темпе",53,"avatars.yandex.net/get-music-user-playlist/11184076/970829816.1126.4330/%%?1725377138269"
"pop","Поп","pop","103372440",1002,"Вечная поп-музыка",179,"avatars.yandex.net/get-music-user-playlist/11371754/103372440.1002.67196/%%?1737712367196"
"pop","Поп","ruspop","103372440",1031,"Вечные советские поп-хиты",47,"avatars.yandex.net/get-music-user-playlist/71140/103372440.1031.11667/%%?1737472211667"
"pop","Поп","ruspop","103372440",1102,"100 хитов русской поп-музыки",100,"avatars.yandex.net/get-music-user-playlist/11371754/103372440.1102.42848/%%?1776177142848"
"pop","Поп","pop","103372440",1103,"100 поп-хитов",97,"avatars.yandex.net/get-music-user-playlist/34120/103372440.1103.73918/%%?1737368573918"
"pop","Поп","pop","103372440",1111,"В сердечке",194,"avatars.yandex.net/get-music-user-playlist/51766/103372440.1111.61360/%%?1722266761360"
"pop","Поп","pop","103372440",1175,"Громкие новинки месяца",99,"avatars.yandex.net/get-music-user-playlist/11360783/103372440.1175.91366/%%?1788433891366"
"pop","Поп","ruspop","103372440",1206,"Русская поп-музыка 1960-х",50,"avatars.yandex.net/get-music-user-playlist/10311229/103372440.1206.4417/%%?1748958104417"
"pop","Поп","ruspop","103372440",1207,"Русская поп-музыка 1970-х",49,"avatars.yandex.net/get-music-user-playlist/10311229/103372440.1207.39738/%%?1748958139738"
"pop","Поп","ruspop","103372440",1208,"Русская поп-музыка 1980-х",88,"avatars.yandex.net/get-music-user-playlist/10311229/103372440.1208.84026/%%?1748958184026"
"pop","Поп","ruspop","103372440",1209,"Русская поп-музыка 1990-х",96,"avatars.yandex.net/get-music-user-playlist/10311229/103372440.1209.27237/%%?1748958227237"
"pop","Поп","ruspop","103372440",1210,"Русская поп-музыка 2000-х",95,"avatars.yandex.net/get-music-user-playlist/10311229/103372440.1210.55161/%%?1748958055161"
"pop","Поп","ruspop","103372440",1211,"Русская поп-музыка 2010-х",100,"avatars.yandex.net/get-music-user-playlist/10311229/103372440.1211.10978/%%?1748958010978"
"pop","Поп","ruspop","103372440",1333,"Русская поп-музыка для весны",217,"avatars.yandex.net/get-music-user-playlist/11360783/103372440.1333.69003/%%?1773134669003"
"pop","Поп","disco","103372440",1473,"Вечер в ритме диско",39,"avatars.yandex.net/get-music-user-playlist/11407514/103372440.1473.62728/%%?1711977562728"
"pop","Поп","pop","103372440",1500,"Новинки FM",19,"avatars.yandex.net/get-music-user-playlist/10311229/103372440.1500.40953ru/%%?1781770441961"
"pop","Поп","disco","103372440",1541,"Уборка в стиле диско",32,"avatars.yandex.net/get-music-user-playlist/30088/103372440.1541.78282/%%?1711977678282"
"pop","Поп","disco","103372440",1604,"Nu Disco",29,"avatars.yandex.net/get-music-user-playlist/59900/103372440.1604.18162ru/%%?1711103420436"
"pop","Поп","pop","103372440",1829,"Топ распознаваний",50,"avatars.yandex.net/get-music-user-playlist/34120/103372440.1829.27316ru/%%?1702552028917"
"pop","Поп","ruspop","103372440",1862,"На русском курорте",239,"avatars.yandex.net/get-music-user-playlist/11184076/103372440.1862.89231/%%?1748460789231"
"pop","Поп","pop","103372440",1878,"За кадром",219,"avatars.yandex.net/get-music-user-playlist/11298840/103372440.1878.95740/%%?1788164395740"
"pop","Поп","ruspop","103372440",1930,"Ё",277,"avatars.yandex.net/get-music-user-playlist/19252516/103372440.1930.47292/%%?1788470147292"
"pop","Поп","disco","103372440",2052,"Диско навсегда",84,"avatars.yandex.net/get-music-user-playlist/11401629/103372440.2052.84597/%%?1737713084597"
"pop","Поп","ruspop","103372440",2055,"Безумная русская дискотека",57,"avatars.yandex.net/get-music-user-playlist/70586/103372440.2055.42051/%%?1705996242051"
"pop","Поп","ruspop","103372440",2057,"Русская поп-музыка про любовь",627,"avatars.yandex.net/get-music-user-playlist/11184076/103372440.2057.18344/%%?1770799818344"
"pop","Поп","ruspop","103372440",2070,"Русский поп: открытия",145,"avatars.yandex.net/get-music-user-playlist/11401629/103372440.2070.98251/%%?1788468198251"
"pop","Поп","pop","103372440",2098,"Блогеры, которые поют",200,"avatars.yandex.net/get-music-user-playlist/11371754/103372440.2098.32146/%%?1788455732146"
"pop","Поп","pop","103372440",2119,"Песни, которые написал Макс Мартин",49,"avatars.yandex.net/get-music-user-playlist/11407514/103372440.2119.10269/%%?1711976910269"
"pop","Поп","pop","103372440",2129,"Фит мечты",211,"avatars.yandex.net/get-music-user-playlist/11371754/103372440.2129.52553/%%?1788446152553"
"pop","Поп","pop","103372440",2143,"Новые поп-хиты",34,"avatars.yandex.net/get-music-user-playlist/11360783/103372440.2143.40921/%%?1758029140921"
"pop","Поп","ruspop","103372440",2270,"Новые хиты русской поп-музыки",36,"avatars.yandex.net/get-music-user-playlist/11298840/103372440.2270.97009/%%?1787921897009"
"pop","Поп","pop","103372440",2279,"Новое ретро",218,"avatars.yandex.net/get-music-user-playlist/28719/103372440.2279.18631/%%?1701381418631"
"pop","Поп","pop","103372440",2331,"Домашний бар",32,"avatars.yandex.net/get-music-user-playlist/70586/103372440.2331.23112/%%?1745500623112"
"pop","Поп","ruspop","103372440",2339,"Вечная русская поп-музыка",179,"avatars.yandex.net/get-music-user-playlist/71140/103372440.2339.6493/%%?1737712406493"
"pop","Поп","pop","103372440",2372,"Звёзды ТикТока",155,"avatars.yandex.net/get-music-user-playlist/11300361/103372440.2372.7752/%%?1788468907752"
"pop","Поп","ruspop","103372440",2382,"Они взлетели в Нитро: поп",100,"avatars.yandex.net/get-music-user-playlist/19252516/103372440.2382.51896/%%?1788195851896"
"pop","Поп","pop","103372440",2440,"Громкие новинки: поп",80,"avatars.yandex.net/get-music-user-playlist/11371754/103372440.2440.53520/%%?1788441353520"
"pop","Поп","pop","103372440",2472,"Золотая эпоха MTV",94,"avatars.yandex.net/get-music-user-playlist/10311229/103372440.2472.65562ru/%%?1711976767612"
"pop","Поп","ruspop","103372440",2535,"Кьют-рок",249,"avatars.yandex.net/get-music-user-playlist/11371754/103372440.2535.89398ru/%%?1714215191370"
"pop","Поп","ruspop","103372440",2631,"Топ за всё время",100,"avatars.yandex.net/get-music-user-playlist/11418140/103372440.2631.92513/%%?1722266392513"
"pop","Поп","ruspop","103372440",2632,"Топ поисковых запросов",49,"avatars.yandex.net/get-music-user-playlist/11407514/103372440.2632.2646/%%?1788191102646"
"pop","Поп","pop","103372440",2709,"Гиперпоп",123,"avatars.yandex.net/get-music-user-playlist/10311229/103372440.2709.31757/%%?1788467831757"
"pop","Поп","pop","103372440",2762,"Популярное в Likee",19,"avatars.yandex.net/get-music-user-playlist/11300361/103372440.2762.93891/%%?1787898493891"
"pop","Поп","pop","139954184",1029,"Хиты FM",98,"avatars.yandex.net/get-music-user-playlist/11184076/139954184.1029.85929ru/%%?1787152786960"
"pop","Поп","disco","139954184",1413,"Диско начала 80-х",6,"avatars.yandex.net/get-music-user-playlist/10311229/139954184.1413.76585ru/%%?1748957177248"
"pop","Поп","disco","139954184",1780,"Дискотека 80-х: буги-вуги",15,"avatars.yandex.net/get-music-user-playlist/11401629/139954184.1780.83965/%%?1711450183965"
"pop","Поп","disco","1458899127",1022,"Диско для новичков",72,"avatars.yandex.net/get-music-user-playlist/28719/1458899127.1022.63675/%%?1724248663675"
"pop","Поп","egyptianpop","1899638012",1001,"Hear the Pyramids",51,"avatars.yandex.net/get-music-user-playlist/11360783/1899638012.1001.76319/%%?1786453576319"
"pop","Поп","khaleejipop","1899638012",1002,"Khaleeji Love Songs",44,"avatars.yandex.net/get-music-user-playlist/11184076/1899638012.1002.3057/%%?1781691303057"
"pop","Поп","arabicpop","1899638012",1006,"The Hottest Arabic Pop",52,"avatars.yandex.net/get-music-user-playlist/21174237/1899638012.1006.35919/%%?1787660135919"
"pop","Поп","arabicpop","1899638012",1011,"Mazaj",50,"avatars.yandex.net/get-music-user-playlist/17884433/1899638012.1011.84425/%%?1778247684425"
"pop","Поп","moroccanpop","1899638012",1014,"Maghrebian",57,"avatars.yandex.net/get-music-user-playlist/59900/1899638012.1014.15164/%%?1707393715164"
"pop","Поп","arabicpop","1899638012",1016,"Gahwa Time",38,"avatars.yandex.net/get-music-user-playlist/59900/1899638012.1016.58273/%%?1707391858273"
"pop","Поп","arabicpop","1899638012",1017,"Arabian Party",34,"avatars.yandex.net/get-music-user-playlist/59900/1899638012.1017.69876/%%?1707838069876"
"pop","Поп","arabicpop","1899638012",1018,"Nostalgic Arabia",38,"avatars.yandex.net/get-music-user-playlist/34120/1899638012.1018.30325ru/%%?1707918231915"
"pop","Поп","egyptianpop","1899638012",1022,"Egyptian Timeless Hits",38,"avatars.yandex.net/get-music-user-playlist/11401629/1899638012.1022.78516/%%?1783935578516"
"pop","Поп","khaleejipop","1899638012",1023,"The Emirates: Timeless Hits",24,"avatars.yandex.net/get-music-user-playlist/69910/1899638012.1023.96455/%%?1726668796455"
"pop","Поп","khaleejipop","1899638012",1024,"Gulf Timeless Hits",29,"avatars.yandex.net/get-music-user-playlist/59900/1899638012.1024.23143/%%?1707391423143"
"pop","Поп","khaleejipop","1899638012",1025,"Новые ОАЭ",23,"avatars.yandex.net/get-music-user-playlist/70586/1899638012.1025.4297/%%?1729868204297"
"pop","Поп","arabicpop","1899638012",1032,"Timeless hits of the Arab world",35,"avatars.yandex.net/get-music-user-playlist/30088/1899638012.1032.51279/%%?1708348551279"
"pop","Поп","arabicpop","1899638012",1038,"Habibi Let's Party!",50,"avatars.yandex.net/get-music-user-playlist/51766/1899638012.1038.74884/%%?1709646474884"
"pop","Поп","arabicpop","1899638012",1042,"Arabic Live Concerts",23,"avatars.yandex.net/get-music-user-playlist/11360783/1899638012.1042.82871/%%?1785243882871"
"pop","Поп","arabicpop","1899638012",1071,"Classical Arabia",26,"avatars.yandex.net/get-music-user-playlist/51766/1899638012.1071.35702ru/%%?1709643437338"
"pop","Поп","arabicpop","1899638012",1073,"Arabic Sad Songs",16,"avatars.yandex.net/get-music-user-playlist/11407514/1899638012.1073.15709/%%?1711721415709"
"pop","Поп","iraqipop","1899638012",1082,"Iraqi Timeless Hits",22,"avatars.yandex.net/get-music-user-playlist/10311229/1899638012.1082.78971/%%?1712139378971"
"pop","Поп","egyptianpop","1899638012",1083,"Cairo nights",19,"avatars.yandex.net/get-music-user-playlist/11401629/1899638012.1083.32586/%%?1711973532586"
"pop","Поп","arabicpop","1899638012",1115,"Dubai Nightlife",98,"avatars.yandex.net/get-music-user-playlist/11423738/1899638012.1115.67828/%%?1719928967828"
"pop","Поп","khaleejipop","1899638012",1116,"Jalsat Kashkha",19,"avatars.yandex.net/get-music-user-playlist/34120/1899638012.1116.19521/%%?1720438619521"
"pop","Поп","khaleejipop","1899638012",1118,"Riyadh Roadtrip",12,"avatars.yandex.net/get-music-user-playlist/11407805/1899638012.1118.47012/%%?1722415647012"
"pop","Поп","egyptianpop","1899638012",1126,"Driving to Cairo",28,"avatars.yandex.net/get-music-user-playlist/11360783/1899638012.1126.28540/%%?1724422428540"
"pop","Поп","egyptianpop","1899638012",1266,"Masri Hazeen",58,"avatars.yandex.net/get-music-user-playlist/11423738/1899638012.1266.10171/%%?1758711210171"
"pop","Поп","iraqipop","1899638012",1270,"Shako Mako",20,"avatars.yandex.net/get-music-user-playlist/11407805/1899638012.1270.36512/%%?1737472736512"
"pop","Поп","khaleejipop","1899638012",1297,"Top 20 Gulf",13,"avatars.yandex.net/get-music-user-playlist/11423738/1899638012.1297.2531/%%?1745397402531"
"pop","Поп","arabicpop","1899638012",1300,"Arabic Wedding Season",26,"avatars.yandex.net/get-music-user-playlist/38125/1899638012.1300.46967/%%?1751458946967"
"pop","Поп","arabicpop","1899638012",1301,"Arabic Roots",27,"avatars.yandex.net/get-music-user-playlist/11371754/1899638012.1301.18239/%%?1753101718239"
"pop","Поп","pop","653503978",1041,"Неопоп",180,"avatars.yandex.net/get-music-user-playlist/11300361/653503978.1041.80537/%%?1788467280537"
"pop","Поп","ruspop","653503978",1125,"Новинки с именем",205,"avatars.yandex.net/get-music-user-playlist/11418140/653503978.1125.79602/%%?1788467979602"
"pop","Поп","ruspop","653503978",1130,"Гэридж",200,"avatars.yandex.net/get-music-user-playlist/71140/653503978.1130.75542/%%?1701381975542"
"pop","Поп","ruspop","653503978",1134,"Народная волна",381,"avatars.yandex.net/get-music-user-playlist/28719/653503978.1134.23279/%%?1701381323279"
"pop","Поп","ruspop","653503978",1148,"Искра",17,"avatars.yandex.net/get-music-user-playlist/11298840/653503978.1148.11285/%%?1784532411285"
"pop","Поп","ruspop","653503978",1336,"На гребне R&B",377,"avatars.yandex.net/get-music-user-playlist/28719/653503978.1336.41837/%%?1712145341837"
"pop","Поп","pop","653503978",1357,"На пульсе: поп",159,"avatars.yandex.net/get-music-user-playlist/11407805/653503978.1357.19806/%%?1788434419806"
"pop","Поп","pop","653503978",1702,"Мировые новинки: поп",49,"avatars.yandex.net/get-music-user-playlist/11423738/653503978.1702.91221/%%?1784768991221"
"pop","Поп","israelipop","735989042",1053,"Израиль на «Евровидении»",37,"avatars.yandex.net/get-music-user-playlist/30088/735989042.1053.84013/%%?1701268784013"
"pop","Поп","mizrahi","735989042",1161,"Мизрахи",68,"avatars.yandex.net/get-music-user-playlist/10311229/735989042.1161.53805/%%?1712868353805"
"pop","Поп","pop","826551232",1233,"Иностранная поп-музыка 1990-х",63,"avatars.yandex.net/get-music-user-playlist/10311229/826551232.1233.46167/%%?1748957346167"
"pop","Поп","pop","826551232",1234,"Иностранная поп-музыка 2000-х",60,"avatars.yandex.net/get-music-user-playlist/10311229/826551232.1234.53980/%%?1748957253980"
"pop","Поп","pop","826551232",1235,"Иностранная поп-музыка 2010-х",67,"avatars.yandex.net/get-music-user-playlist/10311229/826551232.1235.4404/%%?1748957304404"
"pop","Поп","azerbaijanpop","830772678",1001,"Вечные хиты Азербайджана",35,"avatars.yandex.net/get-music-user-playlist/11423738/830772678.1001.25434/%%?1737714325434"
"pop","Поп","turkishpop","830772678",1021,"100 турецких хитов",87,"avatars.yandex.net/get-music-user-playlist/69910/830772678.1021.85635/%%?1711371085635"
"pop","Поп","turkishpop","837649603",1033,"Турецкая поп-музыка",43,"avatars.yandex.net/get-music-user-playlist/11184076/837649603.1033.65943/%%?1721828765943"
"pop","Поп","turkishpop","837649603",1034,"Лёгкая поп-музыка на турецком",14,"avatars.yandex.net/get-music-user-playlist/28719/837649603.1034.2120/%%?1721828802120"
"pop","Поп","turkishpop","837649603",1035,"Турецкие поп-хиты",45,"avatars.yandex.net/get-music-user-playlist/10311229/837649603.1035.32301/%%?1721828832301"
"pop","Поп","turkishpop","837649603",1036,"История турецкой поп-музыки",43,"avatars.yandex.net/get-music-user-playlist/38125/837649603.1036.49702/%%?1721830049702"
"pop","Поп","turkishpop","837649603",1037,"Турецкий поп 90-х",62,"avatars.yandex.net/get-music-user-playlist/28719/837649603.1037.58492/%%?1721828858492"
"pop","Поп","turkishpop","837649603",1038,"Турецкая вечеринка",22,"avatars.yandex.net/get-music-user-playlist/70586/837649603.1038.90405/%%?1721828890405"
"pop","Поп","disco","923452632",1005,"Милан: диско",34,"avatars.yandex.net/get-music-user-playlist/30088/923452632.1005.66541ru/%%?1701775468624"
"punk","Панк","punk","103372440",1555,"Когда вскипает кровь",267,"avatars.yandex.net/get-music-user-playlist/71140/103372440.1555.74817/%%?1701174674817"
"punk","Панк","punk","103372440",1866,"Адреналиновый вайб",74,"avatars.yandex.net/get-music-user-playlist/34120/103372440.1866.56354/%%?1724060056354"
"punk","Панк","punk","103372440",2105,"Энергия поп-панка",107,"avatars.yandex.net/get-music-user-playlist/11360783/103372440.2105.39223/%%?1737714139223"
"punk","Панк","punk","103372440",2369,"Лучшие песни русского панк-рока",40,"avatars.yandex.net/get-music-user-playlist/11184076/103372440.2369.21138/%%?1737713521138"
"punk","Панк","punk","103372440",2742,"Мёртв внутри",385,"avatars.yandex.net/get-music-user-playlist/38125/103372440.2742.87156/%%?1753372787156"
"punk","Панк","punk","461852655",1017,"Проснулся азарт",27,"avatars.yandex.net/get-music-user-playlist/28719/461852655.1017.1774/%%?1710769601774"
"punk","Панк","punk","653503978",1036,"Энергия панка и грув R&B",42,"avatars.yandex.net/get-music-user-playlist/11418140/653503978.1036.70336/%%?1711989270336"
"punk","Панк","punk","653503978",1079,"Бейби-панк",227,"avatars.yandex.net/get-music-user-playlist/11300679/653503978.1079.54828/%%?1788455554828"
"punk","Панк","punk","653503978",1189,"«Король и Шут»",25,"avatars.yandex.net/get-music-user-playlist/70586/653503978.1189.92264/%%?1702288592264"
"punk","Панк","punk","653503978",1193,"Хоррор-панк",33,"avatars.yandex.net/get-music-user-playlist/69910/653503978.1193.20278ru/%%?1702288721469"
"punk","Панк","punk","653503978",1238,"Новые панки",230,"avatars.yandex.net/get-music-user-playlist/11300679/653503978.1238.32179/%%?1776689232179"
"rap","Рэп и хип-хоп","rap","103372440",1104,"100 хитов русского рэпа",99,"avatars.yandex.net/get-music-user-playlist/11371754/103372440.1104.40950ru/%%?1779788641717"
"rap","Рэп и хип-хоп","rap","103372440",1426,"Когда хип-хоп и джаз объединяются",41,"avatars.yandex.net/get-music-user-playlist/11418140/103372440.1426.33094/%%?1711980533094"
"rap","Рэп и хип-хоп","rap","103372440",1515,"Тем, кто ходит в зал и слушает рэп",50,"avatars.yandex.net/get-music-user-playlist/27701/103372440.1515.94658/%%?1706000194658"
"rap","Рэп и хип-хоп","rap","103372440",1617,"Инструментальный хип-хоп",203,"avatars.yandex.net/get-music-user-playlist/11360783/103372440.1617.99541/%%?1727264499541"
"rap","Рэп и хип-хоп","rap","103372440",1697,"Грустный рэп",272,"avatars.yandex.net/get-music-user-playlist/34120/103372440.1697.59508/%%?1702551659508"
"rap","Рэп и хип-хоп","rap","103372440",1786,"Пошумим",63,"avatars.yandex.net/get-music-user-playlist/70586/103372440.1786.47046/%%?1711980447046"
"rap","Рэп и хип-хоп","rap","103372440",1892,"Легенды хип-хопа",114,"avatars.yandex.net/get-music-user-playlist/11407514/103372440.1892.74569/%%?1737713474569"
"rap","Рэп и хип-хоп","rusrap","103372440",1930,"Ё",277,"avatars.yandex.net/get-music-user-playlist/19252516/103372440.1930.47292/%%?1788470147292"
"rap","Рэп и хип-хоп","rap","103372440",2071,"Русский рэп: открытия",152,"avatars.yandex.net/get-music-user-playlist/11298840/103372440.2071.45959/%%?1788434245959"
"rap","Рэп и хип-хоп","rap","103372440",2075,"Русский хип-хоп 90-х",15,"avatars.yandex.net/get-music-user-playlist/10311229/103372440.2075.97214/%%?1748958397214"
"rap","Рэп и хип-хоп","rap","103372440",2102,"Русский хип-хоп 2000-х",46,"avatars.yandex.net/get-music-user-playlist/10311229/103372440.2102.51041/%%?1748958351041"
"rap","Рэп и хип-хоп","rap","103372440",2106,"Идеальный бит",36,"avatars.yandex.net/get-music-user-playlist/11407514/103372440.2106.33835/%%?1785736933835"
"rap","Рэп и хип-хоп","rap","103372440",2135,"Новые хиты русского рэпа",48,"avatars.yandex.net/get-music-user-playlist/18770475/103372440.2135.38723ru/%%?1785839539907"
"rap","Рэп и хип-хоп","rap","103372440",2150,"На вайбе",513,"avatars.yandex.net/get-music-user-playlist/69910/103372440.2150.75124/%%?1701381375124"
"rap","Рэп и хип-хоп","rap","103372440",2349,"Вечные хиты русского рэпа",72,"avatars.yandex.net/get-music-user-playlist/10311229/103372440.2349.66714/%%?1737712566714"
"rap","Рэп и хип-хоп","rusrap","103372440",2381,"Они взлетели в Нитро: рэп",139,"avatars.yandex.net/get-music-user-playlist/17884433/103372440.2381.98142/%%?1788327098142"
"rap","Рэп и хип-хоп","rap","103372440",2441,"Громкие новинки: рэп",80,"avatars.yandex.net/get-music-user-playlist/11371754/103372440.2441.44458/%%?1788429544458"
"rap","Рэп и хип-хоп","rusrap","103372440",2612,"Пацанский плейлист",394,"avatars.yandex.net/get-music-user-playlist/11423738/103372440.2612.88075/%%?1788452388075"
"rap","Рэп и хип-хоп","rusrap","103372440",2624,"Сайфер мечты",91,"avatars.yandex.net/get-music-user-playlist/30088/103372440.2624.9489/%%?1711980709489"
"rap","Рэп и хип-хоп","rusrap","103372440",2631,"Топ за всё время",100,"avatars.yandex.net/get-music-user-playlist/11418140/103372440.2631.92513/%%?1722266392513"
"rap","Рэп и хип-хоп","rusrap","103372440",2632,"Топ поисковых запросов",49,"avatars.yandex.net/get-music-user-playlist/11407514/103372440.2632.2646/%%?1788191102646"
"rap","Рэп и хип-хоп","rap","103372440",2656,"Дрилл",143,"avatars.yandex.net/get-music-user-playlist/11184076/103372440.2656.7/%%?1783626200007"
"rap","Рэп и хип-хоп","rap","105590476",1161,"Русский рэп про любовь",355,"avatars.yandex.net/get-music-user-playlist/71140/105590476.1161.69449/%%?1707733069449"
"rap","Рэп и хип-хоп","rap","105590476",1162,"Иностранный рэп про любовь",44,"avatars.yandex.net/get-music-user-playlist/11423738/105590476.1162.75583/%%?1711980575583"
"rap","Рэп и хип-хоп","rap","139954184",1714,"Хип-хоп для спортивных танцев",32,"avatars.yandex.net/get-music-user-playlist/11401629/139954184.1714.74662/%%?1749710874662"
"rap","Рэп и хип-хоп","egyptrap","1899638012",1005,"Rappers of Egypt",62,"avatars.yandex.net/get-music-user-playlist/11371754/1899638012.1005.5650/%%?1751360705650"
"rap","Рэп и хип-хоп","khaleejirap","1899638012",1007,"Hala-Rap",50,"avatars.yandex.net/get-music-user-playlist/51766/1899638012.1007.48272/%%?1718196248272"
"rap","Рэп и хип-хоп","moroccanrap","1899638012",1043,"Moroccan Hip-Hop",15,"avatars.yandex.net/get-music-user-playlist/11407514/1899638012.1043.68251/%%?1731072468251"
"rap","Рэп и хип-хоп","arabicrap","1899638012",1045,"Rap is a woman",22,"avatars.yandex.net/get-music-user-playlist/11298840/1899638012.1045.13654/%%?1756474013654"
"rap","Рэп и хип-хоп","khaleejirap","1899638012",1092,"Saudi Swagger",16,"avatars.yandex.net/get-music-user-playlist/11401629/1899638012.1092.86013/%%?1760100986013"
"rap","Рэп и хип-хоп","arabicrap","1899638012",1106,"Tunisian Rap Hits",12,"avatars.yandex.net/get-music-user-playlist/51766/1899638012.1106.76513/%%?1715167276513"
"rap","Рэп и хип-хоп","arabicrap","1899638012",1114,"Sudanese Rap Hits",26,"avatars.yandex.net/get-music-user-playlist/38125/1899638012.1114.90581/%%?1761560790581"
"rap","Рэп и хип-хоп","rap","574178821",1000,"Рэп-принцессы",50,"avatars.yandex.net/get-music-user-playlist/11418140/574178821.1000.99862/%%?1752851499862"
"rap","Рэп и хип-хоп","rap","653503978",1108,"Фанк на бите",41,"avatars.yandex.net/get-music-user-playlist/10311229/653503978.1108.65816/%%?1711980765816"
"rap","Рэп и хип-хоп","rusrap","653503978",1125,"Новинки с именем",205,"avatars.yandex.net/get-music-user-playlist/11418140/653503978.1125.79602/%%?1788467979602"
"rap","Рэп и хип-хоп","rusrap","653503978",1134,"Народная волна",381,"avatars.yandex.net/get-music-user-playlist/28719/653503978.1134.23279/%%?1701381323279"
"rap","Рэп и хип-хоп","rusrap","653503978",1144,"Джерси-клаб",113,"avatars.yandex.net/get-music-user-playlist/59900/653503978.1144.89487/%%?1701383189487"
"rap","Рэп и хип-хоп","rusrap","653503978",1148,"Искра",17,"avatars.yandex.net/get-music-user-playlist/11298840/653503978.1148.11285/%%?1784532411285"
"rap","Рэп и хип-хоп","rap","653503978",1227,"Вест-кост-ревайвл",109,"avatars.yandex.net/get-music-user-playlist/28719/653503978.1227.22150/%%?1701426422150"
"rap","Рэп и хип-хоп","rusrap","653503978",1327,"Стиль и клаут",209,"avatars.yandex.net/get-music-user-playlist/11407514/653503978.1327.49639/%%?1751266549639"
"rap","Рэп и хип-хоп","rap","653503978",1354,"На пульсе: рэп",124,"avatars.yandex.net/get-music-user-playlist/11407805/653503978.1354.46426/%%?1788434146426"
"rap","Рэп и хип-хоп","rusrap","653503978",1528,"Archivecore",82,"avatars.yandex.net/get-music-user-playlist/11407805/653503978.1528.9735/%%?1756111009735"
"rap","Рэп и хип-хоп","rusrap","653503978",1636,"Русский рэп в машину",562,"avatars.yandex.net/get-music-user-playlist/38125/653503978.1636.80034/%%?1775463680034"
"rap","Рэп и хип-хоп","rusrap","653503978",1664,"Гламурный хасл",91,"avatars.yandex.net/get-music-user-playlist/11418140/653503978.1664.19648/%%?1779179219648"
"rap","Рэп и хип-хоп","rap","653503978",1703,"Мировые новинки: рэп",14,"avatars.yandex.net/get-music-user-playlist/11298840/653503978.1703.50118/%%?1784769150118"
"rap","Рэп и хип-хоп","uzbekrap","764515431",1069,"Рэп на узбекском",123,"avatars.yandex.net/get-music-user-playlist/11300679/764515431.1069.91923/%%?1784238791923"
"rap","Рэп и хип-хоп","rap","830780881",1052,"Новый рэп из Беларуси",50,"avatars.yandex.net/get-music-user-playlist/11300361/830780881.1052.90645/%%?1788513490645"
"rap","Рэп и хип-хоп","kazakhrap","837646795",1042,"Söz",118,"avatars.yandex.net/get-music-user-playlist/11407514/837646795.1042.66551/%%?1787902066551"
"rap","Рэп и хип-хоп","kazakhrap","837646795",1043,"Хиты казахстанского рэпа",28,"avatars.yandex.net/get-music-user-playlist/51766/837646795.1043.89075/%%?1701348489075"
"rap","Рэп и хип-хоп","turkishrap","837649603",1044,"Турецкий рэп",35,"avatars.yandex.net/get-music-user-playlist/51766/837649603.1044.25871/%%?1721829925871"
"rap","Рэп и хип-хоп","turkishrap","837649603",1045,"Звуки улиц",14,"avatars.yandex.net/get-music-user-playlist/38125/837649603.1045.73085/%%?1721830073085"
"rap","Рэп и хип-хоп","turkishrap","837649603",1047,"Турецкий трэп",44,"avatars.yandex.net/get-music-user-playlist/11418140/837649603.1047.78547/%%?1721829978547"
"reggae","Регги","reggaeton","553947738",1025,"Реггетон",19,"avatars.yandex.net/get-music-user-playlist/11300679/553947738.1025.78919ru/%%?1721997881323"
"reggae","Регги","reggae","553947738",1137,"Регги",73,"avatars.yandex.net/get-music-user-playlist/51766/553947738.1137.90856/%%?1721997990856"
"reggae","Регги","dub","553947738",1145,"Даб",28,"avatars.yandex.net/get-music-user-playlist/28719/553947738.1145.96900ru/%%?1721894899351"
"relax","Лёгкая музыка","relax","103372440",1437,"Песни, снимающие стресс",50,"avatars.yandex.net/get-music-user-playlist/11401629/103372440.1437.28494ru/%%?1703242330120"
"relax","Лёгкая музыка","relax","103372440",1461,"Электронный чилаут",209,"avatars.yandex.net/get-music-user-playlist/11418140/103372440.1461.34742/%%?1729248034742"
"relax","Лёгкая музыка","relax","103372440",1523,"Чтобы смотреть в одну точку",24,"avatars.yandex.net/get-music-user-playlist/11418140/103372440.1523.83670/%%?1730116283670"
"relax","Лёгкая музыка","meditation","103372440",1524,"Йога",38,"avatars.yandex.net/get-music-user-playlist/11407514/103372440.1524.82531/%%?1730116182531"
"relax","Лёгкая музыка","relax","103372440",1544,"Музыка для души",40,"avatars.yandex.net/get-music-user-playlist/51766/103372440.1544.39111/%%?1702301539111"
"relax","Лёгкая музыка","relax","103372440",1670,"Пляжный лаундж",112,"avatars.yandex.net/get-music-user-playlist/59900/103372440.1670.43552/%%?1702551943552"
"relax","Лёгкая музыка","meditation","103372440",1727,"Сад камней: дзен-плейлист для ванной",31,"avatars.yandex.net/get-music-user-playlist/69910/103372440.1727.82243/%%?1702301682243"
"relax","Лёгкая музыка","meditation","103372440",1802,"Мантры",19,"avatars.yandex.net/get-music-user-playlist/70586/103372440.1802.10597/%%?1701175710597"
"relax","Лёгкая музыка","relax","103372440",1817,"Арфотерапия",17,"avatars.yandex.net/get-music-user-playlist/11423738/103372440.1817.79729/%%?1705999479729"
"relax","Лёгкая музыка","relax","103372440",1819,"Дудук — душа абрикосового дерева",27,"avatars.yandex.net/get-music-user-playlist/27701/103372440.1819.65143/%%?1703680665143"
"relax","Лёгкая музыка","meditation","103372440",2467,"Релакс",293,"avatars.yandex.net/get-music-user-playlist/11300679/103372440.2467.92762/%%?1753372992762"
"relax","Лёгкая музыка","relax","103372440",2561,"Помечтать",348,"avatars.yandex.net/get-music-user-playlist/70586/103372440.2561.47071/%%?1722487247071"
"relax","Лёгкая музыка","relax","103372440",2711,"Лаундж-бар",252,"avatars.yandex.net/get-music-user-playlist/59900/103372440.2711.53489/%%?1701175753489"
"relax","Лёгкая музыка","meditation","105590476",1256,"Медитативное состояние",236,"avatars.yandex.net/get-music-user-playlist/11371754/105590476.1256.65290/%%?1712000065290"
"relax","Лёгкая музыка","meditation","1059042080",1017,"Бинауральная музыка для медитации",14,"avatars.yandex.net/get-music-user-playlist/70586/1059042080.1017.73780/%%?1702300873780"
"relax","Лёгкая музыка","relax","139954184",1815,"Колыбельные после тяжёлого дня",7,"avatars.yandex.net/get-music-user-playlist/51766/139954184.1815.20517/%%?1702301020517"
"relax","Лёгкая музыка","relax","139954184",1867,"Мягкая и успокаивающая музыка",22,"avatars.yandex.net/get-music-user-playlist/51766/139954184.1867.73157/%%?1702301573157"
"relax","Лёгкая музыка","relax","2285405970",1001,"На свежую голову",199,"avatars.yandex.net/get-music-user-playlist/11300679/2285405970.1001.64976/%%?1762498364976"
"relax","Лёгкая музыка","relax","2285405970",1005,"Город засыпает",84,"avatars.yandex.net/get-music-user-playlist/11184076/2285405970.1005.4805/%%?1762498004805"
"relax","Лёгкая музыка","relax","2353368783",1007,"С закрытыми глазами",129,"avatars.yandex.net/get-music-user-playlist/11423738/2353368783.1007.59697/%%?1775046559697"
"relax","Лёгкая музыка","relax","469638983",1000,"Слушать из-под одеялка",34,"avatars.yandex.net/get-music-user-playlist/70586/469638983.1000.76228/%%?1701941576228"
"relax","Лёгкая музыка","relax","653503978",1071,"Успокаивающий лаундж",1480,"avatars.yandex.net/get-music-user-playlist/51766/653503978.1071.22639/%%?1710770222639"
"relax","Лёгкая музыка","relax","653503978",1223,"Лёгкий K-Pop",89,"avatars.yandex.net/get-music-user-playlist/51766/653503978.1223.57650/%%?1701094757650"
"relax","Лёгкая музыка","meditation","970829816",1025,"Практика медитации",20,"avatars.yandex.net/get-music-user-playlist/28719/970829816.1025.17281/%%?1702288217281"
"rnb","R&B","rnb","103372440",1607,"Мрачный R&B",30,"avatars.yandex.net/get-music-user-playlist/27701/103372440.1607.61314/%%?1705064061314"
"rnb","R&B","rnb","103372440",2726,"Чувственный бит",240,"avatars.yandex.net/get-music-user-playlist/69910/103372440.2726.96097/%%?1711104596097"
"rnb","R&B","rnb","103372440",2763,"100 хитов R&B",85,"avatars.yandex.net/get-music-user-playlist/70586/103372440.2763.40580/%%?1737368740580"
"rnb","R&B","rnb","139954184",1814,"R&B на ночь",19,"avatars.yandex.net/get-music-user-playlist/11407514/139954184.1814.45961/%%?1712661145961"
"rnb","R&B","funk","553947738",1078,"Фанк",24,"avatars.yandex.net/get-music-user-playlist/11407514/553947738.1078.76925ru/%%?1722000679719"
"rnb","R&B","rnb","653503978",1036,"Энергия панка и грув R&B",42,"avatars.yandex.net/get-music-user-playlist/11418140/653503978.1036.70336/%%?1711989270336"
"rnb","R&B","soul","653503978",1058,"Голоса женского соула",59,"avatars.yandex.net/get-music-user-playlist/11300679/653503978.1058.68578/%%?1721749068578"
"rnb","R&B","soul","653503978",1104,"Акустический соул",38,"avatars.yandex.net/get-music-user-playlist/70586/653503978.1104.8193/%%?1721749008193"
"rnb","R&B","soul","653503978",1106,"Классика соула",48,"avatars.yandex.net/get-music-user-playlist/71140/653503978.1106.11792/%%?1721749111792"
"rnb","R&B","funk","653503978",1108,"Фанк на бите",41,"avatars.yandex.net/get-music-user-playlist/10311229/653503978.1108.65816/%%?1711980765816"
"rnb","R&B","funk","653503978",1113,"Джаз-фанк",44,"avatars.yandex.net/get-music-user-playlist/34120/653503978.1113.60913/%%?1712000260913"
"rnb","R&B","rnb","653503978",1336,"На гребне R&B",377,"avatars.yandex.net/get-music-user-playlist/28719/653503978.1336.41837/%%?1712145341837"
"ska","Ска","ska","139954184",1698,"Летние песни в стиле ска",9,"avatars.yandex.net/get-music-user-playlist/34120/139954184.1698.39018/%%?1721393439018"
"ska","Ска","ska","653503978",1097,"Первооткрыватели ска",71,"avatars.yandex.net/get-music-user-playlist/34120/653503978.1097.55618/%%?1721393955618"
"ska","Ска","ska","653503978",1099,"Тепло испанского ска",32,"avatars.yandex.net/get-music-user-playlist/34120/653503978.1099.36302/%%?1721394036302"
"ska","Ска","ska","653503978",1102,"Ска-панк по-нашему",91,"avatars.yandex.net/get-music-user-playlist/28719/653503978.1102.88046/%%?1721393888046"
"soundtrack","Саундтреки","bollywood","1899638012",1028,"The Bollywood Playbook",43,"avatars.yandex.net/get-music-user-playlist/59900/1899638012.1028.35174/%%?1707917635174"
"soundtrack","Саундтреки","bollywood","600336411",1085,"Музыка индийского кино",22,"avatars.yandex.net/get-music-user-playlist/38125/600336411.1085.64001/%%?1560830580990"
"soundtrack","Саундтреки","bollywood","837761439",1023,"Болливуд",78,""
